sample_index,sequence_id,category,parameter_group,left,right,cosine
0,phase8_train_0003,visible_high_risk,late_mobile,smooth,static,0.5698404312133789
0,phase8_train_0003,visible_high_risk,late_mobile,smooth,guidance,0.3669791519641876
0,phase8_train_0003,visible_high_risk,late_mobile,smooth,dynamic_raw,-0.38662227988243103
0,phase8_train_0003,visible_high_risk,late_mobile,smooth,dynamic_weighted,-0.38660937547683716
0,phase8_train_0003,visible_high_risk,late_mobile,smooth,score,-0.11563339829444885
0,phase8_train_0003,visible_high_risk,late_mobile,smooth,total,0.49191513657569885
0,phase8_train_0003,visible_high_risk,late_mobile,static,guidance,0.22836698591709137
0,phase8_train_0003,visible_high_risk,late_mobile,static,dynamic_raw,-0.3159240782260895
0,phase8_train_0003,visible_high_risk,late_mobile,static,dynamic_weighted,-0.31586024165153503
0,phase8_train_0003,visible_high_risk,late_mobile,static,score,0.06068960949778557
0,phase8_train_0003,visible_high_risk,late_mobile,static,total,0.7257981300354004
0,phase8_train_0003,visible_high_risk,late_mobile,guidance,dynamic_raw,-0.1320885419845581
0,phase8_train_0003,visible_high_risk,late_mobile,guidance,dynamic_weighted,-0.13216358423233032
0,phase8_train_0003,visible_high_risk,late_mobile,guidance,score,0.013941113837063313
0,phase8_train_0003,visible_high_risk,late_mobile,guidance,total,0.5808790326118469
0,phase8_train_0003,visible_high_risk,late_mobile,dynamic_raw,dynamic_weighted,0.9999998211860657
0,phase8_train_0003,visible_high_risk,late_mobile,dynamic_raw,score,0.0011434121988713741
0,phase8_train_0003,visible_high_risk,late_mobile,dynamic_raw,total,-0.24301202595233917
0,phase8_train_0003,visible_high_risk,late_mobile,dynamic_weighted,score,0.0011372577864676714
0,phase8_train_0003,visible_high_risk,late_mobile,dynamic_weighted,total,-0.24301016330718994
0,phase8_train_0003,visible_high_risk,late_mobile,score,total,0.5777508616447449
0,phase8_train_0003,visible_high_risk,output_1x1,smooth,static,0.6408464908599854
0,phase8_train_0003,visible_high_risk,output_1x1,smooth,guidance,0.2873964011669159
0,phase8_train_0003,visible_high_risk,output_1x1,smooth,dynamic_raw,-0.1891782134771347
0,phase8_train_0003,visible_high_risk,output_1x1,smooth,dynamic_weighted,-0.1891278326511383
0,phase8_train_0003,visible_high_risk,output_1x1,smooth,score,-0.07120098918676376
0,phase8_train_0003,visible_high_risk,output_1x1,smooth,total,0.5051714777946472
0,phase8_train_0003,visible_high_risk,output_1x1,static,guidance,0.2277611494064331
0,phase8_train_0003,visible_high_risk,output_1x1,static,dynamic_raw,-0.4189300835132599
0,phase8_train_0003,visible_high_risk,output_1x1,static,dynamic_weighted,-0.41885459423065186
0,phase8_train_0003,visible_high_risk,output_1x1,static,score,-0.0012558649759739637
0,phase8_train_0003,visible_high_risk,output_1x1,static,total,0.6866183280944824
0,phase8_train_0003,visible_high_risk,output_1x1,guidance,dynamic_raw,-0.09527801722288132
0,phase8_train_0003,visible_high_risk,output_1x1,guidance,dynamic_weighted,-0.09530521929264069
0,phase8_train_0003,visible_high_risk,output_1x1,guidance,score,0.0502534918487072
0,phase8_train_0003,visible_high_risk,output_1x1,guidance,total,0.5032236576080322
0,phase8_train_0003,visible_high_risk,output_1x1,dynamic_raw,dynamic_weighted,0.9999999403953552
0,phase8_train_0003,visible_high_risk,output_1x1,dynamic_raw,score,-0.06799757480621338
0,phase8_train_0003,visible_high_risk,output_1x1,dynamic_raw,total,-0.30580902099609375
0,phase8_train_0003,visible_high_risk,output_1x1,dynamic_weighted,score,-0.06801783293485641
0,phase8_train_0003,visible_high_risk,output_1x1,dynamic_weighted,total,-0.30578315258026123
0,phase8_train_0003,visible_high_risk,output_1x1,score,total,0.6447920203208923
0,phase8_train_0003,visible_high_risk,trajectory_output_branch,smooth,static,0.8989812135696411
0,phase8_train_0003,visible_high_risk,trajectory_output_branch,smooth,guidance,-0.18949516117572784
0,phase8_train_0003,visible_high_risk,trajectory_output_branch,smooth,dynamic_raw,-0.5044816136360168
0,phase8_train_0003,visible_high_risk,trajectory_output_branch,smooth,dynamic_weighted,-0.5044816732406616
0,phase8_train_0003,visible_high_risk,trajectory_output_branch,smooth,score,0.0
0,phase8_train_0003,visible_high_risk,trajectory_output_branch,smooth,total,0.9169636368751526
0,phase8_train_0003,visible_high_risk,trajectory_output_branch,static,guidance,-0.11118729412555695
0,phase8_train_0003,visible_high_risk,trajectory_output_branch,static,dynamic_raw,-0.6919071078300476
0,phase8_train_0003,visible_high_risk,trajectory_output_branch,static,dynamic_weighted,-0.6919071674346924
0,phase8_train_0003,visible_high_risk,trajectory_output_branch,static,score,0.0
0,phase8_train_0003,visible_high_risk,trajectory_output_branch,static,total,0.9934148192405701
0,phase8_train_0003,visible_high_risk,trajectory_output_branch,guidance,dynamic_raw,0.16424955427646637
0,phase8_train_0003,visible_high_risk,trajectory_output_branch,guidance,dynamic_weighted,0.16424961388111115
0,phase8_train_0003,visible_high_risk,trajectory_output_branch,guidance,score,0.0
0,phase8_train_0003,visible_high_risk,trajectory_output_branch,guidance,total,-0.02469136193394661
0,phase8_train_0003,visible_high_risk,trajectory_output_branch,dynamic_raw,dynamic_weighted,1.0
0,phase8_train_0003,visible_high_risk,trajectory_output_branch,dynamic_raw,score,0.0
0,phase8_train_0003,visible_high_risk,trajectory_output_branch,dynamic_raw,total,-0.6484931111335754
0,phase8_train_0003,visible_high_risk,trajectory_output_branch,dynamic_weighted,score,0.0
0,phase8_train_0003,visible_high_risk,trajectory_output_branch,dynamic_weighted,total,-0.648493230342865
0,phase8_train_0003,visible_high_risk,trajectory_output_branch,score,total,0.0
0,phase8_train_0003,visible_high_risk,score_output_branch,smooth,static,0.0
0,phase8_train_0003,visible_high_risk,score_output_branch,smooth,guidance,0.0
0,phase8_train_0003,visible_high_risk,score_output_branch,smooth,dynamic_raw,0.0
0,phase8_train_0003,visible_high_risk,score_output_branch,smooth,dynamic_weighted,0.0
0,phase8_train_0003,visible_high_risk,score_output_branch,smooth,score,0.0
0,phase8_train_0003,visible_high_risk,score_output_branch,smooth,total,0.0
0,phase8_train_0003,visible_high_risk,score_output_branch,static,guidance,0.0
0,phase8_train_0003,visible_high_risk,score_output_branch,static,dynamic_raw,0.0
0,phase8_train_0003,visible_high_risk,score_output_branch,static,dynamic_weighted,0.0
0,phase8_train_0003,visible_high_risk,score_output_branch,static,score,0.0
0,phase8_train_0003,visible_high_risk,score_output_branch,static,total,0.0
0,phase8_train_0003,visible_high_risk,score_output_branch,guidance,dynamic_raw,0.0
0,phase8_train_0003,visible_high_risk,score_output_branch,guidance,dynamic_weighted,0.0
0,phase8_train_0003,visible_high_risk,score_output_branch,guidance,score,0.0
0,phase8_train_0003,visible_high_risk,score_output_branch,guidance,total,0.0
0,phase8_train_0003,visible_high_risk,score_output_branch,dynamic_raw,dynamic_weighted,0.0
0,phase8_train_0003,visible_high_risk,score_output_branch,dynamic_raw,score,0.0
0,phase8_train_0003,visible_high_risk,score_output_branch,dynamic_raw,total,0.0
0,phase8_train_0003,visible_high_risk,score_output_branch,dynamic_weighted,score,0.0
0,phase8_train_0003,visible_high_risk,score_output_branch,dynamic_weighted,total,0.0
0,phase8_train_0003,visible_high_risk,score_output_branch,score,total,1.0
0,phase8_train_0003,visible_high_risk,shared_head_trunk,smooth,static,0.7000141739845276
0,phase8_train_0003,visible_high_risk,shared_head_trunk,smooth,guidance,0.18034406006336212
0,phase8_train_0003,visible_high_risk,shared_head_trunk,smooth,dynamic_raw,-0.3034249544143677
0,phase8_train_0003,visible_high_risk,shared_head_trunk,smooth,dynamic_weighted,-0.3033784329891205
0,phase8_train_0003,visible_high_risk,shared_head_trunk,smooth,score,0.07668809592723846
0,phase8_train_0003,visible_high_risk,shared_head_trunk,smooth,total,0.5313577055931091
0,phase8_train_0003,visible_high_risk,shared_head_trunk,static,guidance,0.23578691482543945
0,phase8_train_0003,visible_high_risk,shared_head_trunk,static,dynamic_raw,-0.5103673338890076
0,phase8_train_0003,visible_high_risk,shared_head_trunk,static,dynamic_weighted,-0.5103143453598022
0,phase8_train_0003,visible_high_risk,shared_head_trunk,static,score,0.11215105652809143
0,phase8_train_0003,visible_high_risk,shared_head_trunk,static,total,0.6829352974891663
0,phase8_train_0003,visible_high_risk,shared_head_trunk,guidance,dynamic_raw,-0.03631352633237839
0,phase8_train_0003,visible_high_risk,shared_head_trunk,guidance,dynamic_weighted,-0.03634336590766907
0,phase8_train_0003,visible_high_risk,shared_head_trunk,guidance,score,0.12270168215036392
0,phase8_train_0003,visible_high_risk,shared_head_trunk,guidance,total,0.4869370758533478
0,phase8_train_0003,visible_high_risk,shared_head_trunk,dynamic_raw,dynamic_weighted,1.0000001192092896
0,phase8_train_0003,visible_high_risk,shared_head_trunk,dynamic_raw,score,-0.09809780865907669
0,phase8_train_0003,visible_high_risk,shared_head_trunk,dynamic_raw,total,-0.33423393964767456
0,phase8_train_0003,visible_high_risk,shared_head_trunk,dynamic_weighted,score,-0.09809593111276627
0,phase8_train_0003,visible_high_risk,shared_head_trunk,dynamic_weighted,total,-0.33421069383621216
0,phase8_train_0003,visible_high_risk,shared_head_trunk,score,total,0.7475058436393738
0,phase8_train_0003,visible_high_risk,all,smooth,static,0.7633074522018433
0,phase8_train_0003,visible_high_risk,all,smooth,guidance,0.1823095679283142
0,phase8_train_0003,visible_high_risk,all,smooth,dynamic_raw,-0.38368162512779236
0,phase8_train_0003,visible_high_risk,all,smooth,dynamic_weighted,-0.3836607336997986
0,phase8_train_0003,visible_high_risk,all,smooth,score,-0.017956353724002838
0,phase8_train_0003,visible_high_risk,all,smooth,total,0.641907274723053
0,phase8_train_0003,visible_high_risk,all,static,guidance,0.14356167614459991
0,phase8_train_0003,visible_high_risk,all,static,dynamic_raw,-0.5083502531051636
0,phase8_train_0003,visible_high_risk,all,static,dynamic_weighted,-0.5083158612251282
0,phase8_train_0003,visible_high_risk,all,static,score,0.04653624817728996
0,phase8_train_0003,visible_high_risk,all,static,total,0.7848889827728271
0,phase8_train_0003,visible_high_risk,all,guidance,dynamic_raw,-0.0645398199558258
0,phase8_train_0003,visible_high_risk,all,guidance,dynamic_weighted,-0.06458239257335663
0,phase8_train_0003,visible_high_risk,all,guidance,score,0.05623527243733406
0,phase8_train_0003,visible_high_risk,all,guidance,total,0.4390481114387512
0,phase8_train_0003,visible_high_risk,all,dynamic_raw,dynamic_weighted,0.9999999403953552
0,phase8_train_0003,visible_high_risk,all,dynamic_raw,score,-0.04056166112422943
0,phase8_train_0003,visible_high_risk,all,dynamic_raw,total,-0.3894259035587311
0,phase8_train_0003,visible_high_risk,all,dynamic_weighted,score,-0.04056837782263756
0,phase8_train_0003,visible_high_risk,all,dynamic_weighted,total,-0.3894176185131073
0,phase8_train_0003,visible_high_risk,all,score,total,0.570636510848999
1,phase8_train_0006,temporally_separated,late_mobile,smooth,static,0.2925055921077728
1,phase8_train_0006,temporally_separated,late_mobile,smooth,guidance,-0.3994724154472351
1,phase8_train_0006,temporally_separated,late_mobile,smooth,dynamic_raw,-0.18958249688148499
1,phase8_train_0006,temporally_separated,late_mobile,smooth,dynamic_weighted,-0.1895800083875656
1,phase8_train_0006,temporally_separated,late_mobile,smooth,score,-0.22125133872032166
1,phase8_train_0006,temporally_separated,late_mobile,smooth,total,0.004877583589404821
1,phase8_train_0006,temporally_separated,late_mobile,static,guidance,-0.0002499523398000747
1,phase8_train_0006,temporally_separated,late_mobile,static,dynamic_raw,-0.08020800352096558
1,phase8_train_0006,temporally_separated,late_mobile,static,dynamic_weighted,-0.08018137514591217
1,phase8_train_0006,temporally_separated,late_mobile,static,score,0.10578163713216782
1,phase8_train_0006,temporally_separated,late_mobile,static,total,0.7279129028320312
1,phase8_train_0006,temporally_separated,late_mobile,guidance,dynamic_raw,0.06266069412231445
1,phase8_train_0006,temporally_separated,late_mobile,guidance,dynamic_weighted,0.06269265711307526
1,phase8_train_0006,temporally_separated,late_mobile,guidance,score,0.31356194615364075
1,phase8_train_0006,temporally_separated,late_mobile,guidance,total,0.49722522497177124
1,phase8_train_0006,temporally_separated,late_mobile,dynamic_raw,dynamic_weighted,0.9999998211860657
1,phase8_train_0006,temporally_separated,late_mobile,dynamic_raw,score,-0.06406256556510925
1,phase8_train_0006,temporally_separated,late_mobile,dynamic_raw,total,-0.0556781105697155
1,phase8_train_0006,temporally_separated,late_mobile,dynamic_weighted,score,-0.06402643024921417
1,phase8_train_0006,temporally_separated,late_mobile,dynamic_weighted,total,-0.055630411952733994
1,phase8_train_0006,temporally_separated,late_mobile,score,total,0.6740108728408813
1,phase8_train_0006,temporally_separated,output_1x1,smooth,static,0.33332839608192444
1,phase8_train_0006,temporally_separated,output_1x1,smooth,guidance,-0.24862511456012726
1,phase8_train_0006,temporally_separated,output_1x1,smooth,dynamic_raw,-0.19078311324119568
1,phase8_train_0006,temporally_separated,output_1x1,smooth,dynamic_weighted,-0.19081221520900726
1,phase8_train_0006,temporally_separated,output_1x1,smooth,score,-0.09403923898935318
1,phase8_train_0006,temporally_separated,output_1x1,smooth,total,0.1834864318370819
1,phase8_train_0006,temporally_separated,output_1x1,static,guidance,0.008808745071291924
1,phase8_train_0006,temporally_separated,output_1x1,static,dynamic_raw,-0.2379772961139679
1,phase8_train_0006,temporally_separated,output_1x1,static,dynamic_weighted,-0.2379593402147293
1,phase8_train_0006,temporally_separated,output_1x1,static,score,0.015435523353517056
1,phase8_train_0006,temporally_separated,output_1x1,static,total,0.7600829601287842
1,phase8_train_0006,temporally_separated,output_1x1,guidance,dynamic_raw,0.022227084264159203
1,phase8_train_0006,temporally_separated,output_1x1,guidance,dynamic_weighted,0.02223343402147293
1,phase8_train_0006,temporally_separated,output_1x1,guidance,score,0.10337897390127182
1,phase8_train_0006,temporally_separated,output_1x1,guidance,total,0.37507033348083496
1,phase8_train_0006,temporally_separated,output_1x1,dynamic_raw,dynamic_weighted,1.0
1,phase8_train_0006,temporally_separated,output_1x1,dynamic_raw,score,-0.09157010167837143
1,phase8_train_0006,temporally_separated,output_1x1,dynamic_raw,total,-0.20733128488063812
1,phase8_train_0006,temporally_separated,output_1x1,dynamic_weighted,score,-0.09154854714870453
1,phase8_train_0006,temporally_separated,output_1x1,dynamic_weighted,total,-0.20730675756931305
1,phase8_train_0006,temporally_separated,output_1x1,score,total,0.5773464441299438
1,phase8_train_0006,temporally_separated,trajectory_output_branch,smooth,static,0.7735193967819214
1,phase8_train_0006,temporally_separated,trajectory_output_branch,smooth,guidance,-0.3857225477695465
1,phase8_train_0006,temporally_separated,trajectory_output_branch,smooth,dynamic_raw,-0.6893304586410522
1,phase8_train_0006,temporally_separated,trajectory_output_branch,smooth,dynamic_weighted,-0.689330518245697
1,phase8_train_0006,temporally_separated,trajectory_output_branch,smooth,score,0.0
1,phase8_train_0006,temporally_separated,trajectory_output_branch,smooth,total,0.7292599081993103
1,phase8_train_0006,temporally_separated,trajectory_output_branch,static,guidance,-0.06941970437765121
1,phase8_train_0006,temporally_separated,trajectory_output_branch,static,dynamic_raw,-0.6755432486534119
1,phase8_train_0006,temporally_separated,trajectory_output_branch,static,dynamic_weighted,-0.6755432486534119
1,phase8_train_0006,temporally_separated,trajectory_output_branch,static,score,0.0
1,phase8_train_0006,temporally_separated,trajectory_output_branch,static,total,0.9819979071617126
1,phase8_train_0006,temporally_separated,trajectory_output_branch,guidance,dynamic_raw,0.1104254499077797
1,phase8_train_0006,temporally_separated,trajectory_output_branch,guidance,dynamic_weighted,0.11042550951242447
1,phase8_train_0006,temporally_separated,trajectory_output_branch,guidance,score,0.0
1,phase8_train_0006,temporally_separated,trajectory_output_branch,guidance,total,0.11102738976478577
1,phase8_train_0006,temporally_separated,trajectory_output_branch,dynamic_raw,dynamic_weighted,1.0
1,phase8_train_0006,temporally_separated,trajectory_output_branch,dynamic_raw,score,0.0
1,phase8_train_0006,temporally_separated,trajectory_output_branch,dynamic_raw,total,-0.652492105960846
1,phase8_train_0006,temporally_separated,trajectory_output_branch,dynamic_weighted,score,0.0
1,phase8_train_0006,temporally_separated,trajectory_output_branch,dynamic_weighted,total,-0.6524920463562012
1,phase8_train_0006,temporally_separated,trajectory_output_branch,score,total,0.0
1,phase8_train_0006,temporally_separated,score_output_branch,smooth,static,0.0
1,phase8_train_0006,temporally_separated,score_output_branch,smooth,guidance,0.0
1,phase8_train_0006,temporally_separated,score_output_branch,smooth,dynamic_raw,0.0
1,phase8_train_0006,temporally_separated,score_output_branch,smooth,dynamic_weighted,0.0
1,phase8_train_0006,temporally_separated,score_output_branch,smooth,score,0.0
1,phase8_train_0006,temporally_separated,score_output_branch,smooth,total,0.0
1,phase8_train_0006,temporally_separated,score_output_branch,static,guidance,0.0
1,phase8_train_0006,temporally_separated,score_output_branch,static,dynamic_raw,0.0
1,phase8_train_0006,temporally_separated,score_output_branch,static,dynamic_weighted,0.0
1,phase8_train_0006,temporally_separated,score_output_branch,static,score,0.0
1,phase8_train_0006,temporally_separated,score_output_branch,static,total,0.0
1,phase8_train_0006,temporally_separated,score_output_branch,guidance,dynamic_raw,0.0
1,phase8_train_0006,temporally_separated,score_output_branch,guidance,dynamic_weighted,0.0
1,phase8_train_0006,temporally_separated,score_output_branch,guidance,score,0.0
1,phase8_train_0006,temporally_separated,score_output_branch,guidance,total,0.0
1,phase8_train_0006,temporally_separated,score_output_branch,dynamic_raw,dynamic_weighted,0.0
1,phase8_train_0006,temporally_separated,score_output_branch,dynamic_raw,score,0.0
1,phase8_train_0006,temporally_separated,score_output_branch,dynamic_raw,total,0.0
1,phase8_train_0006,temporally_separated,score_output_branch,dynamic_weighted,score,0.0
1,phase8_train_0006,temporally_separated,score_output_branch,dynamic_weighted,total,0.0
1,phase8_train_0006,temporally_separated,score_output_branch,score,total,1.0
1,phase8_train_0006,temporally_separated,shared_head_trunk,smooth,static,0.4986098110675812
1,phase8_train_0006,temporally_separated,shared_head_trunk,smooth,guidance,-0.17558282613754272
1,phase8_train_0006,temporally_separated,shared_head_trunk,smooth,dynamic_raw,-0.3939448297023773
1,phase8_train_0006,temporally_separated,shared_head_trunk,smooth,dynamic_weighted,-0.39396336674690247
1,phase8_train_0006,temporally_separated,shared_head_trunk,smooth,score,0.08646297454833984
1,phase8_train_0006,temporally_separated,shared_head_trunk,smooth,total,0.3943347632884979
1,phase8_train_0006,temporally_separated,shared_head_trunk,static,guidance,0.0814591497182846
1,phase8_train_0006,temporally_separated,shared_head_trunk,static,dynamic_raw,-0.40454021096229553
1,phase8_train_0006,temporally_separated,shared_head_trunk,static,dynamic_weighted,-0.40454384684562683
1,phase8_train_0006,temporally_separated,shared_head_trunk,static,score,0.005410277284681797
1,phase8_train_0006,temporally_separated,shared_head_trunk,static,total,0.7085191011428833
1,phase8_train_0006,temporally_separated,shared_head_trunk,guidance,dynamic_raw,0.05220621079206467
1,phase8_train_0006,temporally_separated,shared_head_trunk,guidance,dynamic_weighted,0.052211519330739975
1,phase8_train_0006,temporally_separated,shared_head_trunk,guidance,score,-0.06787149608135223
1,phase8_train_0006,temporally_separated,shared_head_trunk,guidance,total,0.355458527803421
1,phase8_train_0006,temporally_separated,shared_head_trunk,dynamic_raw,dynamic_weighted,1.0000001192092896
1,phase8_train_0006,temporally_separated,shared_head_trunk,dynamic_raw,score,-0.06115703284740448
1,phase8_train_0006,temporally_separated,shared_head_trunk,dynamic_raw,total,-0.29025202989578247
1,phase8_train_0006,temporally_separated,shared_head_trunk,dynamic_weighted,score,-0.0611506849527359
1,phase8_train_0006,temporally_separated,shared_head_trunk,dynamic_weighted,total,-0.29025018215179443
1,phase8_train_0006,temporally_separated,shared_head_trunk,score,total,0.6164911985397339
1,phase8_train_0006,temporally_separated,all,smooth,static,0.568977415561676
1,phase8_train_0006,temporally_separated,all,smooth,guidance,-0.2889055609703064
1,phase8_train_0006,temporally_separated,all,smooth,dynamic_raw,-0.4718632400035858
1,phase8_train_0006,temporally_separated,all,smooth,dynamic_weighted,-0.4718761444091797
1,phase8_train_0006,temporally_separated,all,smooth,score,-0.04218103736639023
1,phase8_train_0006,temporally_separated,all,smooth,total,0.4049271047115326
1,phase8_train_0006,temporally_separated,all,static,guidance,0.0006754084606654942
1,phase8_train_0006,temporally_separated,all,static,dynamic_raw,-0.44463473558425903
1,phase8_train_0006,temporally_separated,all,static,dynamic_weighted,-0.4446321427822113
1,phase8_train_0006,temporally_separated,all,static,score,0.03263268619775772
1,phase8_train_0006,temporally_separated,all,static,total,0.8189598917961121
1,phase8_train_0006,temporally_separated,all,guidance,dynamic_raw,0.06282593309879303
1,phase8_train_0006,temporally_separated,all,guidance,dynamic_weighted,0.06283760070800781
1,phase8_train_0006,temporally_separated,all,guidance,score,0.10820336639881134
1,phase8_train_0006,temporally_separated,all,guidance,total,0.3427807688713074
1,phase8_train_0006,temporally_separated,all,dynamic_raw,dynamic_weighted,0.9999999403953552
1,phase8_train_0006,temporally_separated,all,dynamic_raw,score,-0.05033435299992561
1,phase8_train_0006,temporally_separated,all,dynamic_raw,total,-0.36101990938186646
1,phase8_train_0006,temporally_separated,all,dynamic_weighted,score,-0.05031773820519447
1,phase8_train_0006,temporally_separated,all,dynamic_weighted,total,-0.3610077500343323
1,phase8_train_0006,temporally_separated,all,score,total,0.5160617828369141
2,phase8_train_0006,temporally_separated,late_mobile,smooth,static,0.38350367546081543
2,phase8_train_0006,temporally_separated,late_mobile,smooth,guidance,0.33781731128692627
2,phase8_train_0006,temporally_separated,late_mobile,smooth,dynamic_raw,-0.2707163393497467
2,phase8_train_0006,temporally_separated,late_mobile,smooth,dynamic_weighted,-0.2707432806491852
2,phase8_train_0006,temporally_separated,late_mobile,smooth,score,-0.1335945874452591
2,phase8_train_0006,temporally_separated,late_mobile,smooth,total,0.4134894609451294
2,phase8_train_0006,temporally_separated,late_mobile,static,guidance,0.4053369462490082
2,phase8_train_0006,temporally_separated,late_mobile,static,dynamic_raw,-0.17818541824817657
2,phase8_train_0006,temporally_separated,late_mobile,static,dynamic_weighted,-0.17819347977638245
2,phase8_train_0006,temporally_separated,late_mobile,static,score,-0.09873630851507187
2,phase8_train_0006,temporally_separated,late_mobile,static,total,0.8486371636390686
2,phase8_train_0006,temporally_separated,late_mobile,guidance,dynamic_raw,-0.0013037724420428276
2,phase8_train_0006,temporally_separated,late_mobile,guidance,dynamic_weighted,-0.0013097705086693168
2,phase8_train_0006,temporally_separated,late_mobile,guidance,score,-0.07685927301645279
2,phase8_train_0006,temporally_separated,late_mobile,guidance,total,0.6122116446495056
2,phase8_train_0006,temporally_separated,late_mobile,dynamic_raw,dynamic_weighted,0.9999998211860657
2,phase8_train_0006,temporally_separated,late_mobile,dynamic_raw,score,-0.03265167772769928
2,phase8_train_0006,temporally_separated,late_mobile,dynamic_raw,total,-0.14311113953590393
2,phase8_train_0006,temporally_separated,late_mobile,dynamic_weighted,score,-0.032664306461811066
2,phase8_train_0006,temporally_separated,late_mobile,dynamic_weighted,total,-0.14312702417373657
2,phase8_train_0006,temporally_separated,late_mobile,score,total,0.3347778618335724
2,phase8_train_0006,temporally_separated,output_1x1,smooth,static,0.5013455748558044
2,phase8_train_0006,temporally_separated,output_1x1,smooth,guidance,0.38805830478668213
2,phase8_train_0006,temporally_separated,output_1x1,smooth,dynamic_raw,-0.2889765501022339
2,phase8_train_0006,temporally_separated,output_1x1,smooth,dynamic_weighted,-0.2889750301837921
2,phase8_train_0006,temporally_separated,output_1x1,smooth,score,-0.13244542479515076
2,phase8_train_0006,temporally_separated,output_1x1,smooth,total,0.5212721228599548
2,phase8_train_0006,temporally_separated,output_1x1,static,guidance,0.4531770944595337
2,phase8_train_0006,temporally_separated,output_1x1,static,dynamic_raw,-0.2606627643108368
2,phase8_train_0006,temporally_separated,output_1x1,static,dynamic_weighted,-0.26068300008773804
2,phase8_train_0006,temporally_separated,output_1x1,static,score,-0.17103928327560425
2,phase8_train_0006,temporally_separated,output_1x1,static,total,0.8183488845825195
2,phase8_train_0006,temporally_separated,output_1x1,guidance,dynamic_raw,-0.029640190303325653
2,phase8_train_0006,temporally_separated,output_1x1,guidance,dynamic_weighted,-0.029617873951792717
2,phase8_train_0006,temporally_separated,output_1x1,guidance,score,-0.23944637179374695
2,phase8_train_0006,temporally_separated,output_1x1,guidance,total,0.5759851932525635
2,phase8_train_0006,temporally_separated,output_1x1,dynamic_raw,dynamic_weighted,1.0
2,phase8_train_0006,temporally_separated,output_1x1,dynamic_raw,score,-0.028895551338791847
2,phase8_train_0006,temporally_separated,output_1x1,dynamic_raw,total,-0.21367457509040833
2,phase8_train_0006,temporally_separated,output_1x1,dynamic_weighted,score,-0.02890091761946678
2,phase8_train_0006,temporally_separated,output_1x1,dynamic_weighted,total,-0.21368399262428284
2,phase8_train_0006,temporally_separated,output_1x1,score,total,0.319866418838501
2,phase8_train_0006,temporally_separated,trajectory_output_branch,smooth,static,0.7210657000541687
2,phase8_train_0006,temporally_separated,trajectory_output_branch,smooth,guidance,0.1585288792848587
2,phase8_train_0006,temporally_separated,trajectory_output_branch,smooth,dynamic_raw,-0.5079650282859802
2,phase8_train_0006,temporally_separated,trajectory_output_branch,smooth,dynamic_weighted,-0.5079650282859802
2,phase8_train_0006,temporally_separated,trajectory_output_branch,smooth,score,0.0
2,phase8_train_0006,temporally_separated,trajectory_output_branch,smooth,total,0.7936614155769348
2,phase8_train_0006,temporally_separated,trajectory_output_branch,static,guidance,0.1226729154586792
2,phase8_train_0006,temporally_separated,trajectory_output_branch,static,dynamic_raw,-0.7260164022445679
2,phase8_train_0006,temporally_separated,trajectory_output_branch,static,dynamic_weighted,-0.7260162830352783
2,phase8_train_0006,temporally_separated,trajectory_output_branch,static,score,0.0
2,phase8_train_0006,temporally_separated,trajectory_output_branch,static,total,0.9880644679069519
2,phase8_train_0006,temporally_separated,trajectory_output_branch,guidance,dynamic_raw,0.06003855541348457
2,phase8_train_0006,temporally_separated,trajectory_output_branch,guidance,dynamic_weighted,0.06003856286406517
2,phase8_train_0006,temporally_separated,trajectory_output_branch,guidance,score,0.0
2,phase8_train_0006,temporally_separated,trajectory_output_branch,guidance,total,0.22797472774982452
2,phase8_train_0006,temporally_separated,trajectory_output_branch,dynamic_raw,dynamic_weighted,0.9999998807907104
2,phase8_train_0006,temporally_separated,trajectory_output_branch,dynamic_raw,score,0.0
2,phase8_train_0006,temporally_separated,trajectory_output_branch,dynamic_raw,total,-0.6820324063301086
2,phase8_train_0006,temporally_separated,trajectory_output_branch,dynamic_weighted,score,0.0
2,phase8_train_0006,temporally_separated,trajectory_output_branch,dynamic_weighted,total,-0.6820324063301086
2,phase8_train_0006,temporally_separated,trajectory_output_branch,score,total,0.0
2,phase8_train_0006,temporally_separated,score_output_branch,smooth,static,0.0
2,phase8_train_0006,temporally_separated,score_output_branch,smooth,guidance,0.0
2,phase8_train_0006,temporally_separated,score_output_branch,smooth,dynamic_raw,0.0
2,phase8_train_0006,temporally_separated,score_output_branch,smooth,dynamic_weighted,0.0
2,phase8_train_0006,temporally_separated,score_output_branch,smooth,score,0.0
2,phase8_train_0006,temporally_separated,score_output_branch,smooth,total,0.0
2,phase8_train_0006,temporally_separated,score_output_branch,static,guidance,0.0
2,phase8_train_0006,temporally_separated,score_output_branch,static,dynamic_raw,0.0
2,phase8_train_0006,temporally_separated,score_output_branch,static,dynamic_weighted,0.0
2,phase8_train_0006,temporally_separated,score_output_branch,static,score,0.0
2,phase8_train_0006,temporally_separated,score_output_branch,static,total,0.0
2,phase8_train_0006,temporally_separated,score_output_branch,guidance,dynamic_raw,0.0
2,phase8_train_0006,temporally_separated,score_output_branch,guidance,dynamic_weighted,0.0
2,phase8_train_0006,temporally_separated,score_output_branch,guidance,score,0.0
2,phase8_train_0006,temporally_separated,score_output_branch,guidance,total,0.0
2,phase8_train_0006,temporally_separated,score_output_branch,dynamic_raw,dynamic_weighted,0.0
2,phase8_train_0006,temporally_separated,score_output_branch,dynamic_raw,score,0.0
2,phase8_train_0006,temporally_separated,score_output_branch,dynamic_raw,total,0.0
2,phase8_train_0006,temporally_separated,score_output_branch,dynamic_weighted,score,0.0
2,phase8_train_0006,temporally_separated,score_output_branch,dynamic_weighted,total,0.0
2,phase8_train_0006,temporally_separated,score_output_branch,score,total,1.0000001192092896
2,phase8_train_0006,temporally_separated,shared_head_trunk,smooth,static,0.6520639657974243
2,phase8_train_0006,temporally_separated,shared_head_trunk,smooth,guidance,0.4753822088241577
2,phase8_train_0006,temporally_separated,shared_head_trunk,smooth,dynamic_raw,-0.2022799402475357
2,phase8_train_0006,temporally_separated,shared_head_trunk,smooth,dynamic_weighted,-0.20231156051158905
2,phase8_train_0006,temporally_separated,shared_head_trunk,smooth,score,0.05196719616651535
2,phase8_train_0006,temporally_separated,shared_head_trunk,smooth,total,0.6484956741333008
2,phase8_train_0006,temporally_separated,shared_head_trunk,static,guidance,0.5327065587043762
2,phase8_train_0006,temporally_separated,shared_head_trunk,static,dynamic_raw,-0.21563251316547394
2,phase8_train_0006,temporally_separated,shared_head_trunk,static,dynamic_weighted,-0.2156880646944046
2,phase8_train_0006,temporally_separated,shared_head_trunk,static,score,0.013231225311756134
2,phase8_train_0006,temporally_separated,shared_head_trunk,static,total,0.8154118061065674
2,phase8_train_0006,temporally_separated,shared_head_trunk,guidance,dynamic_raw,-0.0006775892106816173
2,phase8_train_0006,temporally_separated,shared_head_trunk,guidance,dynamic_weighted,-0.000694268150255084
2,phase8_train_0006,temporally_separated,shared_head_trunk,guidance,score,-0.0016953739104792476
2,phase8_train_0006,temporally_separated,shared_head_trunk,guidance,total,0.6695394515991211
2,phase8_train_0006,temporally_separated,shared_head_trunk,dynamic_raw,dynamic_weighted,1.0
2,phase8_train_0006,temporally_separated,shared_head_trunk,dynamic_raw,score,-0.06223941221833229
2,phase8_train_0006,temporally_separated,shared_head_trunk,dynamic_raw,total,-0.15577615797519684
2,phase8_train_0006,temporally_separated,shared_head_trunk,dynamic_weighted,score,-0.06224111095070839
2,phase8_train_0006,temporally_separated,shared_head_trunk,dynamic_weighted,total,-0.1558176577091217
2,phase8_train_0006,temporally_separated,shared_head_trunk,score,total,0.5103744864463806
2,phase8_train_0006,temporally_separated,all,smooth,static,0.5823830962181091
2,phase8_train_0006,temporally_separated,all,smooth,guidance,0.3098798096179962
2,phase8_train_0006,temporally_separated,all,smooth,dynamic_raw,-0.366778701543808
2,phase8_train_0006,temporally_separated,all,smooth,dynamic_weighted,-0.3667965531349182
2,phase8_train_0006,temporally_separated,all,smooth,score,-0.044485218822956085
2,phase8_train_0006,temporally_separated,all,smooth,total,0.5997095704078674
2,phase8_train_0006,temporally_separated,all,static,guidance,0.3686846196651459
2,phase8_train_0006,temporally_separated,all,static,dynamic_raw,-0.4163264036178589
2,phase8_train_0006,temporally_separated,all,static,dynamic_weighted,-0.4163503050804138
2,phase8_train_0006,temporally_separated,all,static,score,-0.058107614517211914
2,phase8_train_0006,temporally_separated,all,static,total,0.8679365515708923
2,phase8_train_0006,temporally_separated,all,guidance,dynamic_raw,0.0015501325251534581
2,phase8_train_0006,temporally_separated,all,guidance,dynamic_weighted,0.001547934953123331
2,phase8_train_0006,temporally_separated,all,guidance,score,-0.07805970311164856
2,phase8_train_0006,temporally_separated,all,guidance,total,0.5550917387008667
2,phase8_train_0006,temporally_separated,all,dynamic_raw,dynamic_weighted,0.9999998807907104
2,phase8_train_0006,temporally_separated,all,dynamic_raw,score,-0.030055277049541473
2,phase8_train_0006,temporally_separated,all,dynamic_raw,total,-0.33001798391342163
2,phase8_train_0006,temporally_separated,all,dynamic_weighted,score,-0.03005998209118843
2,phase8_train_0006,temporally_separated,all,dynamic_weighted,total,-0.33004021644592285
2,phase8_train_0006,temporally_separated,all,score,total,0.3503575325012207
3,phase8_train_0005,visible_low_risk,late_mobile,smooth,static,0.6037209630012512
3,phase8_train_0005,visible_low_risk,late_mobile,smooth,guidance,-0.09357494860887527
3,phase8_train_0005,visible_low_risk,late_mobile,smooth,dynamic_raw,-0.18281961977481842
3,phase8_train_0005,visible_low_risk,late_mobile,smooth,dynamic_weighted,-0.182826429605484
3,phase8_train_0005,visible_low_risk,late_mobile,smooth,score,-0.0652473196387291
3,phase8_train_0005,visible_low_risk,late_mobile,smooth,total,0.5272853970527649
3,phase8_train_0005,visible_low_risk,late_mobile,static,guidance,-0.11638755351305008
3,phase8_train_0005,visible_low_risk,late_mobile,static,dynamic_raw,-0.21863773465156555
3,phase8_train_0005,visible_low_risk,late_mobile,static,dynamic_weighted,-0.21856403350830078
3,phase8_train_0005,visible_low_risk,late_mobile,static,score,0.019988246262073517
3,phase8_train_0005,visible_low_risk,late_mobile,static,total,0.8418906927108765
3,phase8_train_0005,visible_low_risk,late_mobile,guidance,dynamic_raw,0.05117419734597206
3,phase8_train_0005,visible_low_risk,late_mobile,guidance,dynamic_weighted,0.05118340253829956
3,phase8_train_0005,visible_low_risk,late_mobile,guidance,score,-0.11658927798271179
3,phase8_train_0005,visible_low_risk,late_mobile,guidance,total,0.2703607976436615
3,phase8_train_0005,visible_low_risk,late_mobile,dynamic_raw,dynamic_weighted,0.9999997019767761
3,phase8_train_0005,visible_low_risk,late_mobile,dynamic_raw,score,-0.028011320158839226
3,phase8_train_0005,visible_low_risk,late_mobile,dynamic_raw,total,-0.1768466830253601
3,phase8_train_0005,visible_low_risk,late_mobile,dynamic_weighted,score,-0.028039341792464256
3,phase8_train_0005,visible_low_risk,late_mobile,dynamic_weighted,total,-0.17679345607757568
3,phase8_train_0005,visible_low_risk,late_mobile,score,total,0.35633420944213867
3,phase8_train_0005,visible_low_risk,output_1x1,smooth,static,0.684924304485321
3,phase8_train_0005,visible_low_risk,output_1x1,smooth,guidance,-0.021621037274599075
3,phase8_train_0005,visible_low_risk,output_1x1,smooth,dynamic_raw,-0.08538901060819626
3,phase8_train_0005,visible_low_risk,output_1x1,smooth,dynamic_weighted,-0.08538982272148132
3,phase8_train_0005,visible_low_risk,output_1x1,smooth,score,-0.010627723298966885
3,phase8_train_0005,visible_low_risk,output_1x1,smooth,total,0.6287537813186646
3,phase8_train_0005,visible_low_risk,output_1x1,static,guidance,-0.1709190458059311
3,phase8_train_0005,visible_low_risk,output_1x1,static,dynamic_raw,-0.35305243730545044
3,phase8_train_0005,visible_low_risk,output_1x1,static,dynamic_weighted,-0.35301879048347473
3,phase8_train_0005,visible_low_risk,output_1x1,static,score,-0.02101481892168522
3,phase8_train_0005,visible_low_risk,output_1x1,static,total,0.7795283794403076
3,phase8_train_0005,visible_low_risk,output_1x1,guidance,dynamic_raw,0.005077103618532419
3,phase8_train_0005,visible_low_risk,output_1x1,guidance,dynamic_weighted,0.005059184972196817
3,phase8_train_0005,visible_low_risk,output_1x1,guidance,score,-0.07585202157497406
3,phase8_train_0005,visible_low_risk,output_1x1,guidance,total,0.20270204544067383
3,phase8_train_0005,visible_low_risk,output_1x1,dynamic_raw,dynamic_weighted,1.0
3,phase8_train_0005,visible_low_risk,output_1x1,dynamic_raw,score,-0.06926900148391724
3,phase8_train_0005,visible_low_risk,output_1x1,dynamic_raw,total,-0.30973100662231445
3,phase8_train_0005,visible_low_risk,output_1x1,dynamic_weighted,score,-0.06930264830589294
3,phase8_train_0005,visible_low_risk,output_1x1,dynamic_weighted,total,-0.30972886085510254
3,phase8_train_0005,visible_low_risk,output_1x1,score,total,0.4739421606063843
3,phase8_train_0005,visible_low_risk,trajectory_output_branch,smooth,static,0.8703372478485107
3,phase8_train_0005,visible_low_risk,trajectory_output_branch,smooth,guidance,-0.3216097354888916
3,phase8_train_0005,visible_low_risk,trajectory_output_branch,smooth,dynamic_raw,-0.40293824672698975
3,phase8_train_0005,visible_low_risk,trajectory_output_branch,smooth,dynamic_weighted,-0.40293824672698975
3,phase8_train_0005,visible_low_risk,trajectory_output_branch,smooth,score,0.0
3,phase8_train_0005,visible_low_risk,trajectory_output_branch,smooth,total,0.8765076994895935
3,phase8_train_0005,visible_low_risk,trajectory_output_branch,static,guidance,-0.19738274812698364
3,phase8_train_0005,visible_low_risk,trajectory_output_branch,static,dynamic_raw,-0.6373504996299744
3,phase8_train_0005,visible_low_risk,trajectory_output_branch,static,dynamic_weighted,-0.6373505592346191
3,phase8_train_0005,visible_low_risk,trajectory_output_branch,static,score,0.0
3,phase8_train_0005,visible_low_risk,trajectory_output_branch,static,total,0.9916336536407471
3,phase8_train_0005,visible_low_risk,trajectory_output_branch,guidance,dynamic_raw,0.17082715034484863
3,phase8_train_0005,visible_low_risk,trajectory_output_branch,guidance,dynamic_weighted,0.1708272099494934
3,phase8_train_0005,visible_low_risk,trajectory_output_branch,guidance,score,0.0
3,phase8_train_0005,visible_low_risk,trajectory_output_branch,guidance,total,-0.08674594759941101
3,phase8_train_0005,visible_low_risk,trajectory_output_branch,dynamic_raw,dynamic_weighted,0.9999998807907104
3,phase8_train_0005,visible_low_risk,trajectory_output_branch,dynamic_raw,score,0.0
3,phase8_train_0005,visible_low_risk,trajectory_output_branch,dynamic_raw,total,-0.5988829731941223
3,phase8_train_0005,visible_low_risk,trajectory_output_branch,dynamic_weighted,score,0.0
3,phase8_train_0005,visible_low_risk,trajectory_output_branch,dynamic_weighted,total,-0.5988829731941223
3,phase8_train_0005,visible_low_risk,trajectory_output_branch,score,total,0.0
3,phase8_train_0005,visible_low_risk,score_output_branch,smooth,static,0.0
3,phase8_train_0005,visible_low_risk,score_output_branch,smooth,guidance,0.0
3,phase8_train_0005,visible_low_risk,score_output_branch,smooth,dynamic_raw,0.0
3,phase8_train_0005,visible_low_risk,score_output_branch,smooth,dynamic_weighted,0.0
3,phase8_train_0005,visible_low_risk,score_output_branch,smooth,score,0.0
3,phase8_train_0005,visible_low_risk,score_output_branch,smooth,total,0.0
3,phase8_train_0005,visible_low_risk,score_output_branch,static,guidance,0.0
3,phase8_train_0005,visible_low_risk,score_output_branch,static,dynamic_raw,0.0
3,phase8_train_0005,visible_low_risk,score_output_branch,static,dynamic_weighted,0.0
3,phase8_train_0005,visible_low_risk,score_output_branch,static,score,0.0
3,phase8_train_0005,visible_low_risk,score_output_branch,static,total,0.0
3,phase8_train_0005,visible_low_risk,score_output_branch,guidance,dynamic_raw,0.0
3,phase8_train_0005,visible_low_risk,score_output_branch,guidance,dynamic_weighted,0.0
3,phase8_train_0005,visible_low_risk,score_output_branch,guidance,score,0.0
3,phase8_train_0005,visible_low_risk,score_output_branch,guidance,total,0.0
3,phase8_train_0005,visible_low_risk,score_output_branch,dynamic_raw,dynamic_weighted,0.0
3,phase8_train_0005,visible_low_risk,score_output_branch,dynamic_raw,score,0.0
3,phase8_train_0005,visible_low_risk,score_output_branch,dynamic_raw,total,0.0
3,phase8_train_0005,visible_low_risk,score_output_branch,dynamic_weighted,score,0.0
3,phase8_train_0005,visible_low_risk,score_output_branch,dynamic_weighted,total,0.0
3,phase8_train_0005,visible_low_risk,score_output_branch,score,total,1.0
3,phase8_train_0005,visible_low_risk,shared_head_trunk,smooth,static,0.7762657999992371
3,phase8_train_0005,visible_low_risk,shared_head_trunk,smooth,guidance,-0.07376927882432938
3,phase8_train_0005,visible_low_risk,shared_head_trunk,smooth,dynamic_raw,-0.1606103479862213
3,phase8_train_0005,visible_low_risk,shared_head_trunk,smooth,dynamic_weighted,-0.1606011837720871
3,phase8_train_0005,visible_low_risk,shared_head_trunk,smooth,score,0.0388193242251873
3,phase8_train_0005,visible_low_risk,shared_head_trunk,smooth,total,0.6237605810165405
3,phase8_train_0005,visible_low_risk,shared_head_trunk,static,guidance,-0.18134865164756775
3,phase8_train_0005,visible_low_risk,shared_head_trunk,static,dynamic_raw,-0.33781903982162476
3,phase8_train_0005,visible_low_risk,shared_head_trunk,static,dynamic_weighted,-0.33778196573257446
3,phase8_train_0005,visible_low_risk,shared_head_trunk,static,score,0.022019190713763237
3,phase8_train_0005,visible_low_risk,shared_head_trunk,static,total,0.7081730365753174
3,phase8_train_0005,visible_low_risk,shared_head_trunk,guidance,dynamic_raw,0.06043866649270058
3,phase8_train_0005,visible_low_risk,shared_head_trunk,guidance,dynamic_weighted,0.060433678328990936
3,phase8_train_0005,visible_low_risk,shared_head_trunk,guidance,score,0.04021914303302765
3,phase8_train_0005,visible_low_risk,shared_head_trunk,guidance,total,0.18232010304927826
3,phase8_train_0005,visible_low_risk,shared_head_trunk,dynamic_raw,dynamic_weighted,1.0
3,phase8_train_0005,visible_low_risk,shared_head_trunk,dynamic_raw,score,0.007090826518833637
3,phase8_train_0005,visible_low_risk,shared_head_trunk,dynamic_raw,total,-0.21126486361026764
3,phase8_train_0005,visible_low_risk,shared_head_trunk,dynamic_weighted,score,0.007078217808157206
3,phase8_train_0005,visible_low_risk,shared_head_trunk,dynamic_weighted,total,-0.21124839782714844
3,phase8_train_0005,visible_low_risk,shared_head_trunk,score,total,0.6569644808769226
3,phase8_train_0005,visible_low_risk,all,smooth,static,0.7751555442810059
3,phase8_train_0005,visible_low_risk,all,smooth,guidance,-0.11067648977041245
3,phase8_train_0005,visible_low_risk,all,smooth,dynamic_raw,-0.27308565378189087
3,phase8_train_0005,visible_low_risk,all,smooth,dynamic_weighted,-0.2730993628501892
3,phase8_train_0005,visible_low_risk,all,smooth,score,0.0006089191301725805
3,phase8_train_0005,visible_low_risk,all,smooth,total,0.7067390084266663
3,phase8_train_0005,visible_low_risk,all,static,guidance,-0.14067529141902924
3,phase8_train_0005,visible_low_risk,all,static,dynamic_raw,-0.4518311619758606
3,phase8_train_0005,visible_low_risk,all,static,dynamic_weighted,-0.45182204246520996
3,phase8_train_0005,visible_low_risk,all,static,score,0.008320125751197338
3,phase8_train_0005,visible_low_risk,all,static,total,0.8572569489479065
3,phase8_train_0005,visible_low_risk,all,guidance,dynamic_raw,0.06288081407546997
3,phase8_train_0005,visible_low_risk,all,guidance,dynamic_weighted,0.06288047879934311
3,phase8_train_0005,visible_low_risk,all,guidance,score,-0.03414185345172882
3,phase8_train_0005,visible_low_risk,all,guidance,total,0.15198110044002533
3,phase8_train_0005,visible_low_risk,all,dynamic_raw,dynamic_weighted,0.9999999403953552
3,phase8_train_0005,visible_low_risk,all,dynamic_raw,score,-0.013607182539999485
3,phase8_train_0005,visible_low_risk,all,dynamic_raw,total,-0.37415096163749695
3,phase8_train_0005,visible_low_risk,all,dynamic_weighted,score,-0.013620519079267979
3,phase8_train_0005,visible_low_risk,all,dynamic_weighted,total,-0.37415099143981934
3,phase8_train_0005,visible_low_risk,all,score,total,0.42676690220832825
4,phase8_train_0005,visible_low_risk,late_mobile,smooth,static,0.38401031494140625
4,phase8_train_0005,visible_low_risk,late_mobile,smooth,guidance,0.2669927775859833
4,phase8_train_0005,visible_low_risk,late_mobile,smooth,dynamic_raw,-0.19891244173049927
4,phase8_train_0005,visible_low_risk,late_mobile,smooth,dynamic_weighted,-0.19894522428512573
4,phase8_train_0005,visible_low_risk,late_mobile,smooth,score,-0.09848636388778687
4,phase8_train_0005,visible_low_risk,late_mobile,smooth,total,0.39797472953796387
4,phase8_train_0005,visible_low_risk,late_mobile,static,guidance,0.22597628831863403
4,phase8_train_0005,visible_low_risk,late_mobile,static,dynamic_raw,-0.23184187710285187
4,phase8_train_0005,visible_low_risk,late_mobile,static,dynamic_weighted,-0.23186974227428436
4,phase8_train_0005,visible_low_risk,late_mobile,static,score,0.046435896307229996
4,phase8_train_0005,visible_low_risk,late_mobile,static,total,0.7615954279899597
4,phase8_train_0005,visible_low_risk,late_mobile,guidance,dynamic_raw,-0.05148361250758171
4,phase8_train_0005,visible_low_risk,late_mobile,guidance,dynamic_weighted,-0.051529411226511
4,phase8_train_0005,visible_low_risk,late_mobile,guidance,score,0.06838291138410568
4,phase8_train_0005,visible_low_risk,late_mobile,guidance,total,0.5875204801559448
4,phase8_train_0005,visible_low_risk,late_mobile,dynamic_raw,dynamic_weighted,0.9999998211860657
4,phase8_train_0005,visible_low_risk,late_mobile,dynamic_raw,score,0.10129179805517197
4,phase8_train_0005,visible_low_risk,late_mobile,dynamic_raw,total,-0.1032426729798317
4,phase8_train_0005,visible_low_risk,late_mobile,dynamic_weighted,score,0.10124238580465317
4,phase8_train_0005,visible_low_risk,late_mobile,dynamic_weighted,total,-0.10330543667078018
4,phase8_train_0005,visible_low_risk,late_mobile,score,total,0.5364214181900024
4,phase8_train_0005,visible_low_risk,output_1x1,smooth,static,0.41392970085144043
4,phase8_train_0005,visible_low_risk,output_1x1,smooth,guidance,0.305135577917099
4,phase8_train_0005,visible_low_risk,output_1x1,smooth,dynamic_raw,-0.359891802072525
4,phase8_train_0005,visible_low_risk,output_1x1,smooth,dynamic_weighted,-0.3598563075065613
4,phase8_train_0005,visible_low_risk,output_1x1,smooth,score,-0.07560690492391586
4,phase8_train_0005,visible_low_risk,output_1x1,smooth,total,0.4256787896156311
4,phase8_train_0005,visible_low_risk,output_1x1,static,guidance,0.2740350663661957
4,phase8_train_0005,visible_low_risk,output_1x1,static,dynamic_raw,-0.29743048548698425
4,phase8_train_0005,visible_low_risk,output_1x1,static,dynamic_weighted,-0.29751065373420715
4,phase8_train_0005,visible_low_risk,output_1x1,static,score,-0.025230729952454567
4,phase8_train_0005,visible_low_risk,output_1x1,static,total,0.7294483780860901
4,phase8_train_0005,visible_low_risk,output_1x1,guidance,dynamic_raw,-0.13249489665031433
4,phase8_train_0005,visible_low_risk,output_1x1,guidance,dynamic_weighted,-0.13252660632133484
4,phase8_train_0005,visible_low_risk,output_1x1,guidance,score,0.06343496590852737
4,phase8_train_0005,visible_low_risk,output_1x1,guidance,total,0.6122457385063171
4,phase8_train_0005,visible_low_risk,output_1x1,dynamic_raw,dynamic_weighted,0.9999997615814209
4,phase8_train_0005,visible_low_risk,output_1x1,dynamic_raw,score,0.03550621494650841
4,phase8_train_0005,visible_low_risk,output_1x1,dynamic_raw,total,-0.21880310773849487
4,phase8_train_0005,visible_low_risk,output_1x1,dynamic_weighted,score,0.03548875451087952
4,phase8_train_0005,visible_low_risk,output_1x1,dynamic_weighted,total,-0.21886879205703735
4,phase8_train_0005,visible_low_risk,output_1x1,score,total,0.5357694029808044
4,phase8_train_0005,visible_low_risk,trajectory_output_branch,smooth,static,0.7610673904418945
4,phase8_train_0005,visible_low_risk,trajectory_output_branch,smooth,guidance,-0.016284415498375893
4,phase8_train_0005,visible_low_risk,trajectory_output_branch,smooth,dynamic_raw,-0.7483491897583008
4,phase8_train_0005,visible_low_risk,trajectory_output_branch,smooth,dynamic_weighted,-0.7483493089675903
4,phase8_train_0005,visible_low_risk,trajectory_output_branch,smooth,score,0.0
4,phase8_train_0005,visible_low_risk,trajectory_output_branch,smooth,total,0.8029176592826843
4,phase8_train_0005,visible_low_risk,trajectory_output_branch,static,guidance,0.0030074347741901875
4,phase8_train_0005,visible_low_risk,trajectory_output_branch,static,dynamic_raw,-0.7931128144264221
4,phase8_train_0005,visible_low_risk,trajectory_output_branch,static,dynamic_weighted,-0.7931128144264221
4,phase8_train_0005,visible_low_risk,trajectory_output_branch,static,score,0.0
4,phase8_train_0005,visible_low_risk,trajectory_output_branch,static,total,0.9851201176643372
4,phase8_train_0005,visible_low_risk,trajectory_output_branch,guidance,dynamic_raw,0.04474718123674393
4,phase8_train_0005,visible_low_risk,trajectory_output_branch,guidance,dynamic_weighted,0.04474720358848572
4,phase8_train_0005,visible_low_risk,trajectory_output_branch,guidance,score,0.0
4,phase8_train_0005,visible_low_risk,trajectory_output_branch,guidance,total,0.1489786058664322
4,phase8_train_0005,visible_low_risk,trajectory_output_branch,dynamic_raw,dynamic_weighted,1.0000001192092896
4,phase8_train_0005,visible_low_risk,trajectory_output_branch,dynamic_raw,score,0.0
4,phase8_train_0005,visible_low_risk,trajectory_output_branch,dynamic_raw,total,-0.7776796221733093
4,phase8_train_0005,visible_low_risk,trajectory_output_branch,dynamic_weighted,score,0.0
4,phase8_train_0005,visible_low_risk,trajectory_output_branch,dynamic_weighted,total,-0.7776797413825989
4,phase8_train_0005,visible_low_risk,trajectory_output_branch,score,total,0.0
4,phase8_train_0005,visible_low_risk,score_output_branch,smooth,static,0.0
4,phase8_train_0005,visible_low_risk,score_output_branch,smooth,guidance,0.0
4,phase8_train_0005,visible_low_risk,score_output_branch,smooth,dynamic_raw,0.0
4,phase8_train_0005,visible_low_risk,score_output_branch,smooth,dynamic_weighted,0.0
4,phase8_train_0005,visible_low_risk,score_output_branch,smooth,score,0.0
4,phase8_train_0005,visible_low_risk,score_output_branch,smooth,total,0.0
4,phase8_train_0005,visible_low_risk,score_output_branch,static,guidance,0.0
4,phase8_train_0005,visible_low_risk,score_output_branch,static,dynamic_raw,0.0
4,phase8_train_0005,visible_low_risk,score_output_branch,static,dynamic_weighted,0.0
4,phase8_train_0005,visible_low_risk,score_output_branch,static,score,0.0
4,phase8_train_0005,visible_low_risk,score_output_branch,static,total,0.0
4,phase8_train_0005,visible_low_risk,score_output_branch,guidance,dynamic_raw,0.0
4,phase8_train_0005,visible_low_risk,score_output_branch,guidance,dynamic_weighted,0.0
4,phase8_train_0005,visible_low_risk,score_output_branch,guidance,score,0.0
4,phase8_train_0005,visible_low_risk,score_output_branch,guidance,total,0.0
4,phase8_train_0005,visible_low_risk,score_output_branch,dynamic_raw,dynamic_weighted,0.0
4,phase8_train_0005,visible_low_risk,score_output_branch,dynamic_raw,score,0.0
4,phase8_train_0005,visible_low_risk,score_output_branch,dynamic_raw,total,0.0
4,phase8_train_0005,visible_low_risk,score_output_branch,dynamic_weighted,score,0.0
4,phase8_train_0005,visible_low_risk,score_output_branch,dynamic_weighted,total,0.0
4,phase8_train_0005,visible_low_risk,score_output_branch,score,total,1.0
4,phase8_train_0005,visible_low_risk,shared_head_trunk,smooth,static,0.6424358487129211
4,phase8_train_0005,visible_low_risk,shared_head_trunk,smooth,guidance,0.5403674244880676
4,phase8_train_0005,visible_low_risk,shared_head_trunk,smooth,dynamic_raw,-0.5128635168075562
4,phase8_train_0005,visible_low_risk,shared_head_trunk,smooth,dynamic_weighted,-0.512840747833252
4,phase8_train_0005,visible_low_risk,shared_head_trunk,smooth,score,0.019697317853569984
4,phase8_train_0005,visible_low_risk,shared_head_trunk,smooth,total,0.613606333732605
4,phase8_train_0005,visible_low_risk,shared_head_trunk,static,guidance,0.45283618569374084
4,phase8_train_0005,visible_low_risk,shared_head_trunk,static,dynamic_raw,-0.5190981030464172
4,phase8_train_0005,visible_low_risk,shared_head_trunk,static,dynamic_weighted,-0.5190885066986084
4,phase8_train_0005,visible_low_risk,shared_head_trunk,static,score,0.02484758198261261
4,phase8_train_0005,visible_low_risk,shared_head_trunk,static,total,0.7121544480323792
4,phase8_train_0005,visible_low_risk,shared_head_trunk,guidance,dynamic_raw,-0.14434735476970673
4,phase8_train_0005,visible_low_risk,shared_head_trunk,guidance,dynamic_weighted,-0.14437463879585266
4,phase8_train_0005,visible_low_risk,shared_head_trunk,guidance,score,0.11036677658557892
4,phase8_train_0005,visible_low_risk,shared_head_trunk,guidance,total,0.7261458039283752
4,phase8_train_0005,visible_low_risk,shared_head_trunk,dynamic_raw,dynamic_weighted,1.0
4,phase8_train_0005,visible_low_risk,shared_head_trunk,dynamic_raw,score,-0.022200286388397217
4,phase8_train_0005,visible_low_risk,shared_head_trunk,dynamic_raw,total,-0.33666953444480896
4,phase8_train_0005,visible_low_risk,shared_head_trunk,dynamic_weighted,score,-0.022205105051398277
4,phase8_train_0005,visible_low_risk,shared_head_trunk,dynamic_weighted,total,-0.33667659759521484
4,phase8_train_0005,visible_low_risk,shared_head_trunk,score,total,0.5971295833587646
4,phase8_train_0005,visible_low_risk,all,smooth,static,0.6112480759620667
4,phase8_train_0005,visible_low_risk,all,smooth,guidance,0.2921062111854553
4,phase8_train_0005,visible_low_risk,all,smooth,dynamic_raw,-0.5357669591903687
4,phase8_train_0005,visible_low_risk,all,smooth,dynamic_weighted,-0.5357640385627747
4,phase8_train_0005,visible_low_risk,all,smooth,score,-0.029420306906104088
4,phase8_train_0005,visible_low_risk,all,smooth,total,0.5900189280509949
4,phase8_train_0005,visible_low_risk,all,static,guidance,0.22631821036338806
4,phase8_train_0005,visible_low_risk,all,static,dynamic_raw,-0.5736550688743591
4,phase8_train_0005,visible_low_risk,all,static,dynamic_weighted,-0.5736650228500366
4,phase8_train_0005,visible_low_risk,all,static,score,0.015014388598501682
4,phase8_train_0005,visible_low_risk,all,static,total,0.7964311242103577
4,phase8_train_0005,visible_low_risk,all,guidance,dynamic_raw,-0.06575014442205429
4,phase8_train_0005,visible_low_risk,all,guidance,dynamic_weighted,-0.06577599048614502
4,phase8_train_0005,visible_low_risk,all,guidance,score,0.084734708070755
4,phase8_train_0005,visible_low_risk,all,guidance,total,0.5661909580230713
4,phase8_train_0005,visible_low_risk,all,dynamic_raw,dynamic_weighted,0.9999998807907104
4,phase8_train_0005,visible_low_risk,all,dynamic_raw,score,0.02275087498128414
4,phase8_train_0005,visible_low_risk,all,dynamic_raw,total,-0.418437659740448
4,phase8_train_0005,visible_low_risk,all,dynamic_weighted,score,0.022734949365258217
4,phase8_train_0005,visible_low_risk,all,dynamic_weighted,total,-0.41846001148223877
4,phase8_train_0005,visible_low_risk,all,score,total,0.4918768107891083
5,phase8_train_0002,visible_high_risk,late_mobile,smooth,static,0.36776649951934814
5,phase8_train_0002,visible_high_risk,late_mobile,smooth,guidance,0.34723302721977234
5,phase8_train_0002,visible_high_risk,late_mobile,smooth,dynamic_raw,-0.3341367840766907
5,phase8_train_0002,visible_high_risk,late_mobile,smooth,dynamic_weighted,-0.334097295999527
5,phase8_train_0002,visible_high_risk,late_mobile,smooth,score,-0.06790775060653687
5,phase8_train_0002,visible_high_risk,late_mobile,smooth,total,0.43736693263053894
5,phase8_train_0002,visible_high_risk,late_mobile,static,guidance,0.20181863009929657
5,phase8_train_0002,visible_high_risk,late_mobile,static,dynamic_raw,-0.33366215229034424
5,phase8_train_0002,visible_high_risk,late_mobile,static,dynamic_weighted,-0.3336779475212097
5,phase8_train_0002,visible_high_risk,late_mobile,static,score,0.003155672689899802
5,phase8_train_0002,visible_high_risk,late_mobile,static,total,0.779550313949585
5,phase8_train_0002,visible_high_risk,late_mobile,guidance,dynamic_raw,-0.028283704072237015
5,phase8_train_0002,visible_high_risk,late_mobile,guidance,dynamic_weighted,-0.028271082788705826
5,phase8_train_0002,visible_high_risk,late_mobile,guidance,score,0.02722872793674469
5,phase8_train_0002,visible_high_risk,late_mobile,guidance,total,0.5151124000549316
5,phase8_train_0002,visible_high_risk,late_mobile,dynamic_raw,dynamic_weighted,0.9999998807907104
5,phase8_train_0002,visible_high_risk,late_mobile,dynamic_raw,score,0.01733904890716076
5,phase8_train_0002,visible_high_risk,late_mobile,dynamic_raw,total,-0.2296135127544403
5,phase8_train_0002,visible_high_risk,late_mobile,dynamic_weighted,score,0.01729586534202099
5,phase8_train_0002,visible_high_risk,late_mobile,dynamic_weighted,total,-0.2296372503042221
5,phase8_train_0002,visible_high_risk,late_mobile,score,total,0.5101114511489868
5,phase8_train_0002,visible_high_risk,output_1x1,smooth,static,0.3375079929828644
5,phase8_train_0002,visible_high_risk,output_1x1,smooth,guidance,0.3445247709751129
5,phase8_train_0002,visible_high_risk,output_1x1,smooth,dynamic_raw,-0.4853859841823578
5,phase8_train_0002,visible_high_risk,output_1x1,smooth,dynamic_weighted,-0.48528924584388733
5,phase8_train_0002,visible_high_risk,output_1x1,smooth,score,-0.055274639278650284
5,phase8_train_0002,visible_high_risk,output_1x1,smooth,total,0.40808188915252686
5,phase8_train_0002,visible_high_risk,output_1x1,static,guidance,0.22946640849113464
5,phase8_train_0002,visible_high_risk,output_1x1,static,dynamic_raw,-0.33919012546539307
5,phase8_train_0002,visible_high_risk,output_1x1,static,dynamic_weighted,-0.33922842144966125
5,phase8_train_0002,visible_high_risk,output_1x1,static,score,-0.0037931869737803936
5,phase8_train_0002,visible_high_risk,output_1x1,static,total,0.7483253479003906
5,phase8_train_0002,visible_high_risk,output_1x1,guidance,dynamic_raw,0.03830200433731079
5,phase8_train_0002,visible_high_risk,output_1x1,guidance,dynamic_weighted,0.0383053794503212
5,phase8_train_0002,visible_high_risk,output_1x1,guidance,score,-0.0662854015827179
5,phase8_train_0002,visible_high_risk,output_1x1,guidance,total,0.5075001120567322
5,phase8_train_0002,visible_high_risk,output_1x1,dynamic_raw,dynamic_weighted,0.9999997615814209
5,phase8_train_0002,visible_high_risk,output_1x1,dynamic_raw,score,-0.01386456098407507
5,phase8_train_0002,visible_high_risk,output_1x1,dynamic_raw,total,-0.23306767642498016
5,phase8_train_0002,visible_high_risk,output_1x1,dynamic_weighted,score,-0.01385167520493269
5,phase8_train_0002,visible_high_risk,output_1x1,dynamic_weighted,total,-0.2330724000930786
5,phase8_train_0002,visible_high_risk,output_1x1,score,total,0.5313516855239868
5,phase8_train_0002,visible_high_risk,trajectory_output_branch,smooth,static,0.6474396586418152
5,phase8_train_0002,visible_high_risk,trajectory_output_branch,smooth,guidance,0.15903431177139282
5,phase8_train_0002,visible_high_risk,trajectory_output_branch,smooth,dynamic_raw,-0.6694111227989197
5,phase8_train_0002,visible_high_risk,trajectory_output_branch,smooth,dynamic_weighted,-0.6694110631942749
5,phase8_train_0002,visible_high_risk,trajectory_output_branch,smooth,score,0.0
5,phase8_train_0002,visible_high_risk,trajectory_output_branch,smooth,total,0.7383456826210022
5,phase8_train_0002,visible_high_risk,trajectory_output_branch,static,guidance,0.036670174449682236
5,phase8_train_0002,visible_high_risk,trajectory_output_branch,static,dynamic_raw,-0.8152370452880859
5,phase8_train_0002,visible_high_risk,trajectory_output_branch,static,dynamic_weighted,-0.8152370452880859
5,phase8_train_0002,visible_high_risk,trajectory_output_branch,static,score,0.0
5,phase8_train_0002,visible_high_risk,trajectory_output_branch,static,total,0.9839191436767578
5,phase8_train_0002,visible_high_risk,trajectory_output_branch,guidance,dynamic_raw,0.012084229849278927
5,phase8_train_0002,visible_high_risk,trajectory_output_branch,guidance,dynamic_weighted,0.012084239162504673
5,phase8_train_0002,visible_high_risk,trajectory_output_branch,guidance,score,0.0
5,phase8_train_0002,visible_high_risk,trajectory_output_branch,guidance,total,0.1740889847278595
5,phase8_train_0002,visible_high_risk,trajectory_output_branch,dynamic_raw,dynamic_weighted,1.0
5,phase8_train_0002,visible_high_risk,trajectory_output_branch,dynamic_raw,score,0.0
5,phase8_train_0002,visible_high_risk,trajectory_output_branch,dynamic_raw,total,-0.8036331534385681
5,phase8_train_0002,visible_high_risk,trajectory_output_branch,dynamic_weighted,score,0.0
5,phase8_train_0002,visible_high_risk,trajectory_output_branch,dynamic_weighted,total,-0.8036332726478577
5,phase8_train_0002,visible_high_risk,trajectory_output_branch,score,total,0.0
5,phase8_train_0002,visible_high_risk,score_output_branch,smooth,static,0.0
5,phase8_train_0002,visible_high_risk,score_output_branch,smooth,guidance,0.0
5,phase8_train_0002,visible_high_risk,score_output_branch,smooth,dynamic_raw,0.0
5,phase8_train_0002,visible_high_risk,score_output_branch,smooth,dynamic_weighted,0.0
5,phase8_train_0002,visible_high_risk,score_output_branch,smooth,score,0.0
5,phase8_train_0002,visible_high_risk,score_output_branch,smooth,total,0.0
5,phase8_train_0002,visible_high_risk,score_output_branch,static,guidance,0.0
5,phase8_train_0002,visible_high_risk,score_output_branch,static,dynamic_raw,0.0
5,phase8_train_0002,visible_high_risk,score_output_branch,static,dynamic_weighted,0.0
5,phase8_train_0002,visible_high_risk,score_output_branch,static,score,0.0
5,phase8_train_0002,visible_high_risk,score_output_branch,static,total,0.0
5,phase8_train_0002,visible_high_risk,score_output_branch,guidance,dynamic_raw,0.0
5,phase8_train_0002,visible_high_risk,score_output_branch,guidance,dynamic_weighted,0.0
5,phase8_train_0002,visible_high_risk,score_output_branch,guidance,score,0.0
5,phase8_train_0002,visible_high_risk,score_output_branch,guidance,total,0.0
5,phase8_train_0002,visible_high_risk,score_output_branch,dynamic_raw,dynamic_weighted,0.0
5,phase8_train_0002,visible_high_risk,score_output_branch,dynamic_raw,score,0.0
5,phase8_train_0002,visible_high_risk,score_output_branch,dynamic_raw,total,0.0
5,phase8_train_0002,visible_high_risk,score_output_branch,dynamic_weighted,score,0.0
5,phase8_train_0002,visible_high_risk,score_output_branch,dynamic_weighted,total,0.0
5,phase8_train_0002,visible_high_risk,score_output_branch,score,total,1.0000001192092896
5,phase8_train_0002,visible_high_risk,shared_head_trunk,smooth,static,0.5801600813865662
5,phase8_train_0002,visible_high_risk,shared_head_trunk,smooth,guidance,0.5654390454292297
5,phase8_train_0002,visible_high_risk,shared_head_trunk,smooth,dynamic_raw,-0.45133912563323975
5,phase8_train_0002,visible_high_risk,shared_head_trunk,smooth,dynamic_weighted,-0.45124053955078125
5,phase8_train_0002,visible_high_risk,shared_head_trunk,smooth,score,0.03493846580386162
5,phase8_train_0002,visible_high_risk,shared_head_trunk,smooth,total,0.6084005832672119
5,phase8_train_0002,visible_high_risk,shared_head_trunk,static,guidance,0.45558586716651917
5,phase8_train_0002,visible_high_risk,shared_head_trunk,static,dynamic_raw,-0.4074092209339142
5,phase8_train_0002,visible_high_risk,shared_head_trunk,static,dynamic_weighted,-0.4074185788631439
5,phase8_train_0002,visible_high_risk,shared_head_trunk,static,score,0.014789992943406105
5,phase8_train_0002,visible_high_risk,shared_head_trunk,static,total,0.7125309109687805
5,phase8_train_0002,visible_high_risk,shared_head_trunk,guidance,dynamic_raw,0.04496636986732483
5,phase8_train_0002,visible_high_risk,shared_head_trunk,guidance,dynamic_weighted,0.045002296566963196
5,phase8_train_0002,visible_high_risk,shared_head_trunk,guidance,score,0.06376709043979645
5,phase8_train_0002,visible_high_risk,shared_head_trunk,guidance,total,0.7002249360084534
5,phase8_train_0002,visible_high_risk,shared_head_trunk,dynamic_raw,dynamic_weighted,0.9999999403953552
5,phase8_train_0002,visible_high_risk,shared_head_trunk,dynamic_raw,score,-0.003494578879326582
5,phase8_train_0002,visible_high_risk,shared_head_trunk,dynamic_raw,total,-0.2016199231147766
5,phase8_train_0002,visible_high_risk,shared_head_trunk,dynamic_weighted,score,-0.0034799068234860897
5,phase8_train_0002,visible_high_risk,shared_head_trunk,dynamic_weighted,total,-0.20159205794334412
5,phase8_train_0002,visible_high_risk,shared_head_trunk,score,total,0.5926187634468079
5,phase8_train_0002,visible_high_risk,all,smooth,static,0.5211243629455566
5,phase8_train_0002,visible_high_risk,all,smooth,guidance,0.3521985411643982
5,phase8_train_0002,visible_high_risk,all,smooth,dynamic_raw,-0.5099026560783386
5,phase8_train_0002,visible_high_risk,all,smooth,dynamic_weighted,-0.5098552107810974
5,phase8_train_0002,visible_high_risk,all,smooth,score,-0.016973700374364853
5,phase8_train_0002,visible_high_risk,all,smooth,total,0.5686063170433044
5,phase8_train_0002,visible_high_risk,all,static,guidance,0.2234421670436859
5,phase8_train_0002,visible_high_risk,all,static,dynamic_raw,-0.5559402704238892
5,phase8_train_0002,visible_high_risk,all,static,dynamic_weighted,-0.555939793586731
5,phase8_train_0002,visible_high_risk,all,static,score,0.004416230134665966
5,phase8_train_0002,visible_high_risk,all,static,total,0.8046501874923706
5,phase8_train_0002,visible_high_risk,all,guidance,dynamic_raw,0.010528594255447388
5,phase8_train_0002,visible_high_risk,all,guidance,dynamic_weighted,0.010541791096329689
5,phase8_train_0002,visible_high_risk,all,guidance,score,0.02715260721743107
5,phase8_train_0002,visible_high_risk,all,guidance,total,0.5261884927749634
5,phase8_train_0002,visible_high_risk,all,dynamic_raw,dynamic_weighted,0.9999999403953552
5,phase8_train_0002,visible_high_risk,all,dynamic_raw,score,0.002434077672660351
5,phase8_train_0002,visible_high_risk,all,dynamic_raw,total,-0.40479597449302673
5,phase8_train_0002,visible_high_risk,all,dynamic_weighted,score,0.0024265337269753218
5,phase8_train_0002,visible_high_risk,all,dynamic_weighted,total,-0.4047889709472656
5,phase8_train_0002,visible_high_risk,all,score,total,0.4787181615829468
6,phase8_train_0004,multi_target,late_mobile,smooth,static,0.39565417170524597
6,phase8_train_0004,multi_target,late_mobile,smooth,guidance,-0.07839033007621765
6,phase8_train_0004,multi_target,late_mobile,smooth,dynamic_raw,-0.012486131861805916
6,phase8_train_0004,multi_target,late_mobile,smooth,dynamic_weighted,-0.012491641566157341
6,phase8_train_0004,multi_target,late_mobile,smooth,score,-0.08258804678916931
6,phase8_train_0004,multi_target,late_mobile,smooth,total,0.26928234100341797
6,phase8_train_0004,multi_target,late_mobile,static,guidance,0.15389375388622284
6,phase8_train_0004,multi_target,late_mobile,static,dynamic_raw,-0.2770172953605652
6,phase8_train_0004,multi_target,late_mobile,static,dynamic_weighted,-0.2770000398159027
6,phase8_train_0004,multi_target,late_mobile,static,score,0.09191404283046722
6,phase8_train_0004,multi_target,late_mobile,static,total,0.7202193737030029
6,phase8_train_0004,multi_target,late_mobile,guidance,dynamic_raw,-0.4395197033882141
6,phase8_train_0004,multi_target,late_mobile,guidance,dynamic_weighted,-0.4394739270210266
6,phase8_train_0004,multi_target,late_mobile,guidance,score,0.023534338921308517
6,phase8_train_0004,multi_target,late_mobile,guidance,total,0.458472341299057
6,phase8_train_0004,multi_target,late_mobile,dynamic_raw,dynamic_weighted,0.9999998211860657
6,phase8_train_0004,multi_target,late_mobile,dynamic_raw,score,-0.16349183022975922
6,phase8_train_0004,multi_target,late_mobile,dynamic_raw,total,-0.3328893184661865
6,phase8_train_0004,multi_target,late_mobile,dynamic_weighted,score,-0.1635066121816635
6,phase8_train_0004,multi_target,late_mobile,dynamic_weighted,total,-0.33287009596824646
6,phase8_train_0004,multi_target,late_mobile,score,total,0.6461360454559326
6,phase8_train_0004,multi_target,output_1x1,smooth,static,0.46881231665611267
6,phase8_train_0004,multi_target,output_1x1,smooth,guidance,0.034146811813116074
6,phase8_train_0004,multi_target,output_1x1,smooth,dynamic_raw,-0.01072696316987276
6,phase8_train_0004,multi_target,output_1x1,smooth,dynamic_weighted,-0.010772167704999447
6,phase8_train_0004,multi_target,output_1x1,smooth,score,-0.06045694276690483
6,phase8_train_0004,multi_target,output_1x1,smooth,total,0.3656877875328064
6,phase8_train_0004,multi_target,output_1x1,static,guidance,0.16394761204719543
6,phase8_train_0004,multi_target,output_1x1,static,dynamic_raw,-0.21622855961322784
6,phase8_train_0004,multi_target,output_1x1,static,dynamic_weighted,-0.2162807434797287
6,phase8_train_0004,multi_target,output_1x1,static,score,0.06025678664445877
6,phase8_train_0004,multi_target,output_1x1,static,total,0.7088156342506409
6,phase8_train_0004,multi_target,output_1x1,guidance,dynamic_raw,-0.27134034037590027
6,phase8_train_0004,multi_target,output_1x1,guidance,dynamic_weighted,-0.2712596356868744
6,phase8_train_0004,multi_target,output_1x1,guidance,score,-0.020637862384319305
6,phase8_train_0004,multi_target,output_1x1,guidance,total,0.45717352628707886
6,phase8_train_0004,multi_target,output_1x1,dynamic_raw,dynamic_weighted,0.9999998807907104
6,phase8_train_0004,multi_target,output_1x1,dynamic_raw,score,-0.0782632902264595
6,phase8_train_0004,multi_target,output_1x1,dynamic_raw,total,-0.19338668882846832
6,phase8_train_0004,multi_target,output_1x1,dynamic_weighted,score,-0.07827949523925781
6,phase8_train_0004,multi_target,output_1x1,dynamic_weighted,total,-0.19339993596076965
6,phase8_train_0004,multi_target,output_1x1,score,total,0.6289133429527283
6,phase8_train_0004,multi_target,trajectory_output_branch,smooth,static,0.744536280632019
6,phase8_train_0004,multi_target,trajectory_output_branch,smooth,guidance,-0.2675568163394928
6,phase8_train_0004,multi_target,trajectory_output_branch,smooth,dynamic_raw,-0.0016993045574054122
6,phase8_train_0004,multi_target,trajectory_output_branch,smooth,dynamic_weighted,-0.0016990065341815352
6,phase8_train_0004,multi_target,trajectory_output_branch,smooth,score,0.0
6,phase8_train_0004,multi_target,trajectory_output_branch,smooth,total,0.7854254841804504
6,phase8_train_0004,multi_target,trajectory_output_branch,static,guidance,0.04559405893087387
6,phase8_train_0004,multi_target,trajectory_output_branch,static,dynamic_raw,-0.37032997608184814
6,phase8_train_0004,multi_target,trajectory_output_branch,static,dynamic_weighted,-0.37032967805862427
6,phase8_train_0004,multi_target,trajectory_output_branch,static,score,0.0
6,phase8_train_0004,multi_target,trajectory_output_branch,static,total,0.9843538999557495
6,phase8_train_0004,multi_target,trajectory_output_branch,guidance,dynamic_raw,-0.7723340392112732
6,phase8_train_0004,multi_target,trajectory_output_branch,guidance,dynamic_weighted,-0.7723342776298523
6,phase8_train_0004,multi_target,trajectory_output_branch,guidance,score,0.0
6,phase8_train_0004,multi_target,trajectory_output_branch,guidance,total,0.1338394284248352
6,phase8_train_0004,multi_target,trajectory_output_branch,dynamic_raw,dynamic_weighted,1.0
6,phase8_train_0004,multi_target,trajectory_output_branch,dynamic_raw,score,0.0
6,phase8_train_0004,multi_target,trajectory_output_branch,dynamic_raw,total,-0.38264715671539307
6,phase8_train_0004,multi_target,trajectory_output_branch,dynamic_weighted,score,0.0
6,phase8_train_0004,multi_target,trajectory_output_branch,dynamic_weighted,total,-0.3826468884944916
6,phase8_train_0004,multi_target,trajectory_output_branch,score,total,0.0
6,phase8_train_0004,multi_target,score_output_branch,smooth,static,0.0
6,phase8_train_0004,multi_target,score_output_branch,smooth,guidance,0.0
6,phase8_train_0004,multi_target,score_output_branch,smooth,dynamic_raw,0.0
6,phase8_train_0004,multi_target,score_output_branch,smooth,dynamic_weighted,0.0
6,phase8_train_0004,multi_target,score_output_branch,smooth,score,0.0
6,phase8_train_0004,multi_target,score_output_branch,smooth,total,0.0
6,phase8_train_0004,multi_target,score_output_branch,static,guidance,0.0
6,phase8_train_0004,multi_target,score_output_branch,static,dynamic_raw,0.0
6,phase8_train_0004,multi_target,score_output_branch,static,dynamic_weighted,0.0
6,phase8_train_0004,multi_target,score_output_branch,static,score,0.0
6,phase8_train_0004,multi_target,score_output_branch,static,total,0.0
6,phase8_train_0004,multi_target,score_output_branch,guidance,dynamic_raw,0.0
6,phase8_train_0004,multi_target,score_output_branch,guidance,dynamic_weighted,0.0
6,phase8_train_0004,multi_target,score_output_branch,guidance,score,0.0
6,phase8_train_0004,multi_target,score_output_branch,guidance,total,0.0
6,phase8_train_0004,multi_target,score_output_branch,dynamic_raw,dynamic_weighted,0.0
6,phase8_train_0004,multi_target,score_output_branch,dynamic_raw,score,0.0
6,phase8_train_0004,multi_target,score_output_branch,dynamic_raw,total,0.0
6,phase8_train_0004,multi_target,score_output_branch,dynamic_weighted,score,0.0
6,phase8_train_0004,multi_target,score_output_branch,dynamic_weighted,total,0.0
6,phase8_train_0004,multi_target,score_output_branch,score,total,1.0000001192092896
6,phase8_train_0004,multi_target,shared_head_trunk,smooth,static,0.5660094022750854
6,phase8_train_0004,multi_target,shared_head_trunk,smooth,guidance,0.13225051760673523
6,phase8_train_0004,multi_target,shared_head_trunk,smooth,dynamic_raw,0.033156026154756546
6,phase8_train_0004,multi_target,shared_head_trunk,smooth,dynamic_weighted,0.033074021339416504
6,phase8_train_0004,multi_target,shared_head_trunk,smooth,score,0.02778524160385132
6,phase8_train_0004,multi_target,shared_head_trunk,smooth,total,0.46311402320861816
6,phase8_train_0004,multi_target,shared_head_trunk,static,guidance,0.27264073491096497
6,phase8_train_0004,multi_target,shared_head_trunk,static,dynamic_raw,-0.24057596921920776
6,phase8_train_0004,multi_target,shared_head_trunk,static,dynamic_weighted,-0.2406182438135147
6,phase8_train_0004,multi_target,shared_head_trunk,static,score,0.06542439758777618
6,phase8_train_0004,multi_target,shared_head_trunk,static,total,0.6929442882537842
6,phase8_train_0004,multi_target,shared_head_trunk,guidance,dynamic_raw,-0.2475569099187851
6,phase8_train_0004,multi_target,shared_head_trunk,guidance,dynamic_weighted,-0.24746890366077423
6,phase8_train_0004,multi_target,shared_head_trunk,guidance,score,-0.03166336566209793
6,phase8_train_0004,multi_target,shared_head_trunk,guidance,total,0.4907618463039398
6,phase8_train_0004,multi_target,shared_head_trunk,dynamic_raw,dynamic_weighted,1.0
6,phase8_train_0004,multi_target,shared_head_trunk,dynamic_raw,score,0.05178526043891907
6,phase8_train_0004,multi_target,shared_head_trunk,dynamic_raw,total,-0.11148004978895187
6,phase8_train_0004,multi_target,shared_head_trunk,dynamic_weighted,score,0.05175124853849411
6,phase8_train_0004,multi_target,shared_head_trunk,dynamic_weighted,total,-0.1114988923072815
6,phase8_train_0004,multi_target,shared_head_trunk,score,total,0.6650026440620422
6,phase8_train_0004,multi_target,all,smooth,static,0.5940387845039368
6,phase8_train_0004,multi_target,all,smooth,guidance,-0.03681930899620056
6,phase8_train_0004,multi_target,all,smooth,dynamic_raw,0.0008920165710151196
6,phase8_train_0004,multi_target,all,smooth,dynamic_weighted,0.0008703248458914459
6,phase8_train_0004,multi_target,all,smooth,score,-0.02129899337887764
6,phase8_train_0004,multi_target,all,smooth,total,0.4878414571285248
6,phase8_train_0004,multi_target,all,static,guidance,0.15795685350894928
6,phase8_train_0004,multi_target,all,static,dynamic_raw,-0.2986395061016083
6,phase8_train_0004,multi_target,all,static,dynamic_weighted,-0.298662006855011
6,phase8_train_0004,multi_target,all,static,score,0.0561799556016922
6,phase8_train_0004,multi_target,all,static,total,0.7697420716285706
6,phase8_train_0004,multi_target,all,guidance,dynamic_raw,-0.40429794788360596
6,phase8_train_0004,multi_target,all,guidance,dynamic_weighted,-0.40424782037734985
6,phase8_train_0004,multi_target,all,guidance,score,-0.009102205745875835
6,phase8_train_0004,multi_target,all,guidance,total,0.41488635540008545
6,phase8_train_0004,multi_target,all,dynamic_raw,dynamic_weighted,0.9999998807907104
6,phase8_train_0004,multi_target,all,dynamic_raw,score,-0.051177192479372025
6,phase8_train_0004,multi_target,all,dynamic_raw,total,-0.2635382413864136
6,phase8_train_0004,multi_target,all,dynamic_weighted,score,-0.051183898001909256
6,phase8_train_0004,multi_target,all,dynamic_weighted,total,-0.26354074478149414
6,phase8_train_0004,multi_target,all,score,total,0.5804236531257629
7,phase8_train_0007,occluded_but_tracked,late_mobile,smooth,static,0.4004603326320648
7,phase8_train_0007,occluded_but_tracked,late_mobile,smooth,guidance,0.1505606770515442
7,phase8_train_0007,occluded_but_tracked,late_mobile,smooth,dynamic_raw,0.011864704079926014
7,phase8_train_0007,occluded_but_tracked,late_mobile,smooth,dynamic_weighted,0.01194603368639946
7,phase8_train_0007,occluded_but_tracked,late_mobile,smooth,score,-0.06993581354618073
7,phase8_train_0007,occluded_but_tracked,late_mobile,smooth,total,0.3369286358356476
7,phase8_train_0007,occluded_but_tracked,late_mobile,static,guidance,0.18756017088890076
7,phase8_train_0007,occluded_but_tracked,late_mobile,static,dynamic_raw,-0.26812615990638733
7,phase8_train_0007,occluded_but_tracked,late_mobile,static,dynamic_weighted,-0.268037348985672
7,phase8_train_0007,occluded_but_tracked,late_mobile,static,score,0.10566744208335876
7,phase8_train_0007,occluded_but_tracked,late_mobile,static,total,0.6850748062133789
7,phase8_train_0007,occluded_but_tracked,late_mobile,guidance,dynamic_raw,0.08747174590826035
7,phase8_train_0007,occluded_but_tracked,late_mobile,guidance,dynamic_weighted,0.08753451704978943
7,phase8_train_0007,occluded_but_tracked,late_mobile,guidance,score,0.19840961694717407
7,phase8_train_0007,occluded_but_tracked,late_mobile,guidance,total,0.6657425761222839
7,phase8_train_0007,occluded_but_tracked,late_mobile,dynamic_raw,dynamic_weighted,0.9999998807907104
7,phase8_train_0007,occluded_but_tracked,late_mobile,dynamic_raw,score,0.05422867462038994
7,phase8_train_0007,occluded_but_tracked,late_mobile,dynamic_raw,total,-0.05849134176969528
7,phase8_train_0007,occluded_but_tracked,late_mobile,dynamic_weighted,score,0.0542275533080101
7,phase8_train_0007,occluded_but_tracked,late_mobile,dynamic_weighted,total,-0.05840994417667389
7,phase8_train_0007,occluded_but_tracked,late_mobile,score,total,0.6337834000587463
7,phase8_train_0007,occluded_but_tracked,output_1x1,smooth,static,0.5673500299453735
7,phase8_train_0007,occluded_but_tracked,output_1x1,smooth,guidance,0.38439568877220154
7,phase8_train_0007,occluded_but_tracked,output_1x1,smooth,dynamic_raw,0.09752804040908813
7,phase8_train_0007,occluded_but_tracked,output_1x1,smooth,dynamic_weighted,0.09761203080415726
7,phase8_train_0007,occluded_but_tracked,output_1x1,smooth,score,-0.12246347218751907
7,phase8_train_0007,occluded_but_tracked,output_1x1,smooth,total,0.511277973651886
7,phase8_train_0007,occluded_but_tracked,output_1x1,static,guidance,0.3096350133419037
7,phase8_train_0007,occluded_but_tracked,output_1x1,static,dynamic_raw,-0.16142036020755768
7,phase8_train_0007,occluded_but_tracked,output_1x1,static,dynamic_weighted,-0.1612822264432907
7,phase8_train_0007,occluded_but_tracked,output_1x1,static,score,0.00890195183455944
7,phase8_train_0007,occluded_but_tracked,output_1x1,static,total,0.7311937808990479
7,phase8_train_0007,occluded_but_tracked,output_1x1,guidance,dynamic_raw,0.15825694799423218
7,phase8_train_0007,occluded_but_tracked,output_1x1,guidance,dynamic_weighted,0.15830540657043457
7,phase8_train_0007,occluded_but_tracked,output_1x1,guidance,score,0.06736697256565094
7,phase8_train_0007,occluded_but_tracked,output_1x1,guidance,total,0.6646708250045776
7,phase8_train_0007,occluded_but_tracked,output_1x1,dynamic_raw,dynamic_weighted,1.0
7,phase8_train_0007,occluded_but_tracked,output_1x1,dynamic_raw,score,-0.003913768567144871
7,phase8_train_0007,occluded_but_tracked,output_1x1,dynamic_raw,total,-0.002312932861968875
7,phase8_train_0007,occluded_but_tracked,output_1x1,dynamic_weighted,score,-0.0039020644035190344
7,phase8_train_0007,occluded_but_tracked,output_1x1,dynamic_weighted,total,-0.0022033704444766045
7,phase8_train_0007,occluded_but_tracked,output_1x1,score,total,0.5323235988616943
7,phase8_train_0007,occluded_but_tracked,trajectory_output_branch,smooth,static,0.8230429887771606
7,phase8_train_0007,occluded_but_tracked,trajectory_output_branch,smooth,guidance,-0.4070253372192383
7,phase8_train_0007,occluded_but_tracked,trajectory_output_branch,smooth,dynamic_raw,-0.26319774985313416
7,phase8_train_0007,occluded_but_tracked,trajectory_output_branch,smooth,dynamic_weighted,-0.2631978690624237
7,phase8_train_0007,occluded_but_tracked,trajectory_output_branch,smooth,score,0.0
7,phase8_train_0007,occluded_but_tracked,trajectory_output_branch,smooth,total,0.7510014772415161
7,phase8_train_0007,occluded_but_tracked,trajectory_output_branch,static,guidance,-0.020108873024582863
7,phase8_train_0007,occluded_but_tracked,trajectory_output_branch,static,dynamic_raw,-0.3996640741825104
7,phase8_train_0007,occluded_but_tracked,trajectory_output_branch,static,dynamic_weighted,-0.39966410398483276
7,phase8_train_0007,occluded_but_tracked,trajectory_output_branch,static,score,0.0
7,phase8_train_0007,occluded_but_tracked,trajectory_output_branch,static,total,0.9781969785690308
7,phase8_train_0007,occluded_but_tracked,trajectory_output_branch,guidance,dynamic_raw,-0.08294739574193954
7,phase8_train_0007,occluded_but_tracked,trajectory_output_branch,guidance,dynamic_weighted,-0.08294738829135895
7,phase8_train_0007,occluded_but_tracked,trajectory_output_branch,guidance,score,0.0
7,phase8_train_0007,occluded_but_tracked,trajectory_output_branch,guidance,total,0.17944391071796417
7,phase8_train_0007,occluded_but_tracked,trajectory_output_branch,dynamic_raw,dynamic_weighted,0.9999998807907104
7,phase8_train_0007,occluded_but_tracked,trajectory_output_branch,dynamic_raw,score,0.0
7,phase8_train_0007,occluded_but_tracked,trajectory_output_branch,dynamic_raw,total,-0.39300960302352905
7,phase8_train_0007,occluded_but_tracked,trajectory_output_branch,dynamic_weighted,score,0.0
7,phase8_train_0007,occluded_but_tracked,trajectory_output_branch,dynamic_weighted,total,-0.3930097818374634
7,phase8_train_0007,occluded_but_tracked,trajectory_output_branch,score,total,0.0
7,phase8_train_0007,occluded_but_tracked,score_output_branch,smooth,static,0.0
7,phase8_train_0007,occluded_but_tracked,score_output_branch,smooth,guidance,0.0
7,phase8_train_0007,occluded_but_tracked,score_output_branch,smooth,dynamic_raw,0.0
7,phase8_train_0007,occluded_but_tracked,score_output_branch,smooth,dynamic_weighted,0.0
7,phase8_train_0007,occluded_but_tracked,score_output_branch,smooth,score,0.0
7,phase8_train_0007,occluded_but_tracked,score_output_branch,smooth,total,0.0
7,phase8_train_0007,occluded_but_tracked,score_output_branch,static,guidance,0.0
7,phase8_train_0007,occluded_but_tracked,score_output_branch,static,dynamic_raw,0.0
7,phase8_train_0007,occluded_but_tracked,score_output_branch,static,dynamic_weighted,0.0
7,phase8_train_0007,occluded_but_tracked,score_output_branch,static,score,0.0
7,phase8_train_0007,occluded_but_tracked,score_output_branch,static,total,0.0
7,phase8_train_0007,occluded_but_tracked,score_output_branch,guidance,dynamic_raw,0.0
7,phase8_train_0007,occluded_but_tracked,score_output_branch,guidance,dynamic_weighted,0.0
7,phase8_train_0007,occluded_but_tracked,score_output_branch,guidance,score,0.0
7,phase8_train_0007,occluded_but_tracked,score_output_branch,guidance,total,0.0
7,phase8_train_0007,occluded_but_tracked,score_output_branch,dynamic_raw,dynamic_weighted,0.0
7,phase8_train_0007,occluded_but_tracked,score_output_branch,dynamic_raw,score,0.0
7,phase8_train_0007,occluded_but_tracked,score_output_branch,dynamic_raw,total,0.0
7,phase8_train_0007,occluded_but_tracked,score_output_branch,dynamic_weighted,score,0.0
7,phase8_train_0007,occluded_but_tracked,score_output_branch,dynamic_weighted,total,0.0
7,phase8_train_0007,occluded_but_tracked,score_output_branch,score,total,1.0
7,phase8_train_0007,occluded_but_tracked,shared_head_trunk,smooth,static,0.6585785150527954
7,phase8_train_0007,occluded_but_tracked,shared_head_trunk,smooth,guidance,0.32620272040367126
7,phase8_train_0007,occluded_but_tracked,shared_head_trunk,smooth,dynamic_raw,0.08305945992469788
7,phase8_train_0007,occluded_but_tracked,shared_head_trunk,smooth,dynamic_weighted,0.08309779316186905
7,phase8_train_0007,occluded_but_tracked,shared_head_trunk,smooth,score,-0.045281119644641876
7,phase8_train_0007,occluded_but_tracked,shared_head_trunk,smooth,total,0.5422580242156982
7,phase8_train_0007,occluded_but_tracked,shared_head_trunk,static,guidance,0.3864319920539856
7,phase8_train_0007,occluded_but_tracked,shared_head_trunk,static,dynamic_raw,-0.02924511581659317
7,phase8_train_0007,occluded_but_tracked,shared_head_trunk,static,dynamic_weighted,-0.029158681631088257
7,phase8_train_0007,occluded_but_tracked,shared_head_trunk,static,score,0.048546191304922104
7,phase8_train_0007,occluded_but_tracked,shared_head_trunk,static,total,0.748248279094696
7,phase8_train_0007,occluded_but_tracked,shared_head_trunk,guidance,dynamic_raw,0.24948078393936157
7,phase8_train_0007,occluded_but_tracked,shared_head_trunk,guidance,dynamic_weighted,0.24951887130737305
7,phase8_train_0007,occluded_but_tracked,shared_head_trunk,guidance,score,0.0607917383313179
7,phase8_train_0007,occluded_but_tracked,shared_head_trunk,guidance,total,0.6673545837402344
7,phase8_train_0007,occluded_but_tracked,shared_head_trunk,dynamic_raw,dynamic_weighted,1.0
7,phase8_train_0007,occluded_but_tracked,shared_head_trunk,dynamic_raw,score,0.02641029842197895
7,phase8_train_0007,occluded_but_tracked,shared_head_trunk,dynamic_raw,total,0.11787204444408417
7,phase8_train_0007,occluded_but_tracked,shared_head_trunk,dynamic_weighted,score,0.026431269943714142
7,phase8_train_0007,occluded_but_tracked,shared_head_trunk,dynamic_weighted,total,0.11794549226760864
7,phase8_train_0007,occluded_but_tracked,shared_head_trunk,score,total,0.5691909790039062
7,phase8_train_0007,occluded_but_tracked,all,smooth,static,0.6892662048339844
7,phase8_train_0007,occluded_but_tracked,all,smooth,guidance,0.07350073009729385
7,phase8_train_0007,occluded_but_tracked,all,smooth,dynamic_raw,-0.1050524041056633
7,phase8_train_0007,occluded_but_tracked,all,smooth,dynamic_weighted,-0.1050126776099205
7,phase8_train_0007,occluded_but_tracked,all,smooth,score,-0.04938606545329094
7,phase8_train_0007,occluded_but_tracked,all,smooth,total,0.5720728039741516
7,phase8_train_0007,occluded_but_tracked,all,static,guidance,0.16489176452159882
7,phase8_train_0007,occluded_but_tracked,all,static,dynamic_raw,-0.29459574818611145
7,phase8_train_0007,occluded_but_tracked,all,static,dynamic_weighted,-0.29454657435417175
7,phase8_train_0007,occluded_but_tracked,all,static,score,0.03822461515665054
7,phase8_train_0007,occluded_but_tracked,all,static,total,0.808908224105835
7,phase8_train_0007,occluded_but_tracked,all,guidance,dynamic_raw,0.07580658793449402
7,phase8_train_0007,occluded_but_tracked,all,guidance,dynamic_weighted,0.0758458748459816
7,phase8_train_0007,occluded_but_tracked,all,guidance,score,0.10393530875444412
7,phase8_train_0007,occluded_but_tracked,all,guidance,total,0.5392587184906006
7,phase8_train_0007,occluded_but_tracked,all,dynamic_raw,dynamic_weighted,0.9999998807907104
7,phase8_train_0007,occluded_but_tracked,all,dynamic_raw,score,0.021106312051415443
7,phase8_train_0007,occluded_but_tracked,all,dynamic_raw,total,-0.1560644507408142
7,phase8_train_0007,occluded_but_tracked,all,dynamic_weighted,score,0.021113784983754158
7,phase8_train_0007,occluded_but_tracked,all,dynamic_weighted,total,-0.1560097187757492
7,phase8_train_0007,occluded_but_tracked,all,score,total,0.4804937541484833
8,phase8_train_0001,no_target,late_mobile,smooth,static,0.4997650384902954
8,phase8_train_0001,no_target,late_mobile,smooth,guidance,0.4432346522808075
8,phase8_train_0001,no_target,late_mobile,smooth,dynamic_raw,0.0
8,phase8_train_0001,no_target,late_mobile,smooth,dynamic_weighted,0.0
8,phase8_train_0001,no_target,late_mobile,smooth,score,0.005612082779407501
8,phase8_train_0001,no_target,late_mobile,smooth,total,0.5429583191871643
8,phase8_train_0001,no_target,late_mobile,static,guidance,0.4091129004955292
8,phase8_train_0001,no_target,late_mobile,static,dynamic_raw,0.0
8,phase8_train_0001,no_target,late_mobile,static,dynamic_weighted,0.0
8,phase8_train_0001,no_target,late_mobile,static,score,0.03299872577190399
8,phase8_train_0001,no_target,late_mobile,static,total,0.829292356967926
8,phase8_train_0001,no_target,late_mobile,guidance,dynamic_raw,0.0
8,phase8_train_0001,no_target,late_mobile,guidance,dynamic_weighted,0.0
8,phase8_train_0001,no_target,late_mobile,guidance,score,0.1546887457370758
8,phase8_train_0001,no_target,late_mobile,guidance,total,0.7051495313644409
8,phase8_train_0001,no_target,late_mobile,dynamic_raw,dynamic_weighted,0.0
8,phase8_train_0001,no_target,late_mobile,dynamic_raw,score,0.0
8,phase8_train_0001,no_target,late_mobile,dynamic_raw,total,0.0
8,phase8_train_0001,no_target,late_mobile,dynamic_weighted,score,0.0
8,phase8_train_0001,no_target,late_mobile,dynamic_weighted,total,0.0
8,phase8_train_0001,no_target,late_mobile,score,total,0.47016024589538574
8,phase8_train_0001,no_target,output_1x1,smooth,static,0.552430272102356
8,phase8_train_0001,no_target,output_1x1,smooth,guidance,0.5167382955551147
8,phase8_train_0001,no_target,output_1x1,smooth,dynamic_raw,0.0
8,phase8_train_0001,no_target,output_1x1,smooth,dynamic_weighted,0.0
8,phase8_train_0001,no_target,output_1x1,smooth,score,-0.03771040588617325
8,phase8_train_0001,no_target,output_1x1,smooth,total,0.6298378705978394
8,phase8_train_0001,no_target,output_1x1,static,guidance,0.28705549240112305
8,phase8_train_0001,no_target,output_1x1,static,dynamic_raw,0.0
8,phase8_train_0001,no_target,output_1x1,static,dynamic_weighted,0.0
8,phase8_train_0001,no_target,output_1x1,static,score,-0.0508999228477478
8,phase8_train_0001,no_target,output_1x1,static,total,0.8054391145706177
8,phase8_train_0001,no_target,output_1x1,guidance,dynamic_raw,0.0
8,phase8_train_0001,no_target,output_1x1,guidance,dynamic_weighted,0.0
8,phase8_train_0001,no_target,output_1x1,guidance,score,0.04232722520828247
8,phase8_train_0001,no_target,output_1x1,guidance,total,0.6313841938972473
8,phase8_train_0001,no_target,output_1x1,dynamic_raw,dynamic_weighted,0.0
8,phase8_train_0001,no_target,output_1x1,dynamic_raw,score,0.0
8,phase8_train_0001,no_target,output_1x1,dynamic_raw,total,0.0
8,phase8_train_0001,no_target,output_1x1,dynamic_weighted,score,0.0
8,phase8_train_0001,no_target,output_1x1,dynamic_weighted,total,0.0
8,phase8_train_0001,no_target,output_1x1,score,total,0.3991650640964508
8,phase8_train_0001,no_target,trajectory_output_branch,smooth,static,0.8050456047058105
8,phase8_train_0001,no_target,trajectory_output_branch,smooth,guidance,-0.28468433022499084
8,phase8_train_0001,no_target,trajectory_output_branch,smooth,dynamic_raw,0.0
8,phase8_train_0001,no_target,trajectory_output_branch,smooth,dynamic_weighted,0.0
8,phase8_train_0001,no_target,trajectory_output_branch,smooth,score,0.0
8,phase8_train_0001,no_target,trajectory_output_branch,smooth,total,0.7815240621566772
8,phase8_train_0001,no_target,trajectory_output_branch,static,guidance,-0.05260932445526123
8,phase8_train_0001,no_target,trajectory_output_branch,static,dynamic_raw,0.0
8,phase8_train_0001,no_target,trajectory_output_branch,static,dynamic_weighted,0.0
8,phase8_train_0001,no_target,trajectory_output_branch,static,score,0.0
8,phase8_train_0001,no_target,trajectory_output_branch,static,total,0.9782835245132446
8,phase8_train_0001,no_target,trajectory_output_branch,guidance,dynamic_raw,0.0
8,phase8_train_0001,no_target,trajectory_output_branch,guidance,dynamic_weighted,0.0
8,phase8_train_0001,no_target,trajectory_output_branch,guidance,score,0.0
8,phase8_train_0001,no_target,trajectory_output_branch,guidance,total,0.14133702218532562
8,phase8_train_0001,no_target,trajectory_output_branch,dynamic_raw,dynamic_weighted,0.0
8,phase8_train_0001,no_target,trajectory_output_branch,dynamic_raw,score,0.0
8,phase8_train_0001,no_target,trajectory_output_branch,dynamic_raw,total,0.0
8,phase8_train_0001,no_target,trajectory_output_branch,dynamic_weighted,score,0.0
8,phase8_train_0001,no_target,trajectory_output_branch,dynamic_weighted,total,0.0
8,phase8_train_0001,no_target,trajectory_output_branch,score,total,0.0
8,phase8_train_0001,no_target,score_output_branch,smooth,static,0.0
8,phase8_train_0001,no_target,score_output_branch,smooth,guidance,0.0
8,phase8_train_0001,no_target,score_output_branch,smooth,dynamic_raw,0.0
8,phase8_train_0001,no_target,score_output_branch,smooth,dynamic_weighted,0.0
8,phase8_train_0001,no_target,score_output_branch,smooth,score,0.0
8,phase8_train_0001,no_target,score_output_branch,smooth,total,0.0
8,phase8_train_0001,no_target,score_output_branch,static,guidance,0.0
8,phase8_train_0001,no_target,score_output_branch,static,dynamic_raw,0.0
8,phase8_train_0001,no_target,score_output_branch,static,dynamic_weighted,0.0
8,phase8_train_0001,no_target,score_output_branch,static,score,0.0
8,phase8_train_0001,no_target,score_output_branch,static,total,0.0
8,phase8_train_0001,no_target,score_output_branch,guidance,dynamic_raw,0.0
8,phase8_train_0001,no_target,score_output_branch,guidance,dynamic_weighted,0.0
8,phase8_train_0001,no_target,score_output_branch,guidance,score,0.0
8,phase8_train_0001,no_target,score_output_branch,guidance,total,0.0
8,phase8_train_0001,no_target,score_output_branch,dynamic_raw,dynamic_weighted,0.0
8,phase8_train_0001,no_target,score_output_branch,dynamic_raw,score,0.0
8,phase8_train_0001,no_target,score_output_branch,dynamic_raw,total,0.0
8,phase8_train_0001,no_target,score_output_branch,dynamic_weighted,score,0.0
8,phase8_train_0001,no_target,score_output_branch,dynamic_weighted,total,0.0
8,phase8_train_0001,no_target,score_output_branch,score,total,1.0000001192092896
8,phase8_train_0001,no_target,shared_head_trunk,smooth,static,0.695398211479187
8,phase8_train_0001,no_target,shared_head_trunk,smooth,guidance,0.5225481390953064
8,phase8_train_0001,no_target,shared_head_trunk,smooth,dynamic_raw,0.0
8,phase8_train_0001,no_target,shared_head_trunk,smooth,dynamic_weighted,0.0
8,phase8_train_0001,no_target,shared_head_trunk,smooth,score,0.11435672640800476
8,phase8_train_0001,no_target,shared_head_trunk,smooth,total,0.7382933497428894
8,phase8_train_0001,no_target,shared_head_trunk,static,guidance,0.4320942163467407
8,phase8_train_0001,no_target,shared_head_trunk,static,dynamic_raw,0.0
8,phase8_train_0001,no_target,shared_head_trunk,static,dynamic_weighted,0.0
8,phase8_train_0001,no_target,shared_head_trunk,static,score,0.03870771452784538
8,phase8_train_0001,no_target,shared_head_trunk,static,total,0.8159428238868713
8,phase8_train_0001,no_target,shared_head_trunk,guidance,dynamic_raw,0.0
8,phase8_train_0001,no_target,shared_head_trunk,guidance,dynamic_weighted,0.0
8,phase8_train_0001,no_target,shared_head_trunk,guidance,score,-0.030876770615577698
8,phase8_train_0001,no_target,shared_head_trunk,guidance,total,0.6646382212638855
8,phase8_train_0001,no_target,shared_head_trunk,dynamic_raw,dynamic_weighted,0.0
8,phase8_train_0001,no_target,shared_head_trunk,dynamic_raw,score,0.0
8,phase8_train_0001,no_target,shared_head_trunk,dynamic_raw,total,0.0
8,phase8_train_0001,no_target,shared_head_trunk,dynamic_weighted,score,0.0
8,phase8_train_0001,no_target,shared_head_trunk,dynamic_weighted,total,0.0
8,phase8_train_0001,no_target,shared_head_trunk,score,total,0.4716782867908478
8,phase8_train_0001,no_target,all,smooth,static,0.6740370392799377
8,phase8_train_0001,no_target,all,smooth,guidance,0.25197747349739075
8,phase8_train_0001,no_target,all,smooth,dynamic_raw,0.0
8,phase8_train_0001,no_target,all,smooth,dynamic_weighted,0.0
8,phase8_train_0001,no_target,all,smooth,score,0.03167007118463516
8,phase8_train_0001,no_target,all,smooth,total,0.6598078012466431
8,phase8_train_0001,no_target,all,static,guidance,0.2765886187553406
8,phase8_train_0001,no_target,all,static,dynamic_raw,0.0
8,phase8_train_0001,no_target,all,static,dynamic_weighted,0.0
8,phase8_train_0001,no_target,all,static,score,0.01383365597575903
8,phase8_train_0001,no_target,all,static,total,0.856482744216919
8,phase8_train_0001,no_target,all,guidance,dynamic_raw,0.0
8,phase8_train_0001,no_target,all,guidance,dynamic_weighted,0.0
8,phase8_train_0001,no_target,all,guidance,score,0.055467478930950165
8,phase8_train_0001,no_target,all,guidance,total,0.5769668221473694
8,phase8_train_0001,no_target,all,dynamic_raw,dynamic_weighted,0.0
8,phase8_train_0001,no_target,all,dynamic_raw,score,0.0
8,phase8_train_0001,no_target,all,dynamic_raw,total,0.0
8,phase8_train_0001,no_target,all,dynamic_weighted,score,0.0
8,phase8_train_0001,no_target,all,dynamic_weighted,total,0.0
8,phase8_train_0001,no_target,all,score,total,0.39949628710746765
9,phase8_train_0001,no_target,late_mobile,smooth,static,0.4898920953273773
9,phase8_train_0001,no_target,late_mobile,smooth,guidance,0.5234907269477844
9,phase8_train_0001,no_target,late_mobile,smooth,dynamic_raw,0.0
9,phase8_train_0001,no_target,late_mobile,smooth,dynamic_weighted,0.0
9,phase8_train_0001,no_target,late_mobile,smooth,score,0.002055143006145954
9,phase8_train_0001,no_target,late_mobile,smooth,total,0.5678923726081848
9,phase8_train_0001,no_target,late_mobile,static,guidance,0.4217641055583954
9,phase8_train_0001,no_target,late_mobile,static,dynamic_raw,0.0
9,phase8_train_0001,no_target,late_mobile,static,dynamic_weighted,0.0
9,phase8_train_0001,no_target,late_mobile,static,score,0.021100766956806183
9,phase8_train_0001,no_target,late_mobile,static,total,0.8139522671699524
9,phase8_train_0001,no_target,late_mobile,guidance,dynamic_raw,0.0
9,phase8_train_0001,no_target,late_mobile,guidance,dynamic_weighted,0.0
9,phase8_train_0001,no_target,late_mobile,guidance,score,0.11940890550613403
9,phase8_train_0001,no_target,late_mobile,guidance,total,0.7261063456535339
9,phase8_train_0001,no_target,late_mobile,dynamic_raw,dynamic_weighted,0.0
9,phase8_train_0001,no_target,late_mobile,dynamic_raw,score,0.0
9,phase8_train_0001,no_target,late_mobile,dynamic_raw,total,0.0
9,phase8_train_0001,no_target,late_mobile,dynamic_weighted,score,0.0
9,phase8_train_0001,no_target,late_mobile,dynamic_weighted,total,0.0
9,phase8_train_0001,no_target,late_mobile,score,total,0.46115654706954956
9,phase8_train_0001,no_target,output_1x1,smooth,static,0.48757895827293396
9,phase8_train_0001,no_target,output_1x1,smooth,guidance,0.6249025464057922
9,phase8_train_0001,no_target,output_1x1,smooth,dynamic_raw,0.0
9,phase8_train_0001,no_target,output_1x1,smooth,dynamic_weighted,0.0
9,phase8_train_0001,no_target,output_1x1,smooth,score,-0.050247568637132645
9,phase8_train_0001,no_target,output_1x1,smooth,total,0.6294129490852356
9,phase8_train_0001,no_target,output_1x1,static,guidance,0.36927706003189087
9,phase8_train_0001,no_target,output_1x1,static,dynamic_raw,0.0
9,phase8_train_0001,no_target,output_1x1,static,dynamic_weighted,0.0
9,phase8_train_0001,no_target,output_1x1,static,score,-0.04217459261417389
9,phase8_train_0001,no_target,output_1x1,static,total,0.7658118009567261
9,phase8_train_0001,no_target,output_1x1,guidance,dynamic_raw,0.0
9,phase8_train_0001,no_target,output_1x1,guidance,dynamic_weighted,0.0
9,phase8_train_0001,no_target,output_1x1,guidance,score,-0.0239553339779377
9,phase8_train_0001,no_target,output_1x1,guidance,total,0.7141385078430176
9,phase8_train_0001,no_target,output_1x1,dynamic_raw,dynamic_weighted,0.0
9,phase8_train_0001,no_target,output_1x1,dynamic_raw,score,0.0
9,phase8_train_0001,no_target,output_1x1,dynamic_raw,total,0.0
9,phase8_train_0001,no_target,output_1x1,dynamic_weighted,score,0.0
9,phase8_train_0001,no_target,output_1x1,dynamic_weighted,total,0.0
9,phase8_train_0001,no_target,output_1x1,score,total,0.4038902521133423
9,phase8_train_0001,no_target,trajectory_output_branch,smooth,static,0.8063015937805176
9,phase8_train_0001,no_target,trajectory_output_branch,smooth,guidance,-0.22650186717510223
9,phase8_train_0001,no_target,trajectory_output_branch,smooth,dynamic_raw,0.0
9,phase8_train_0001,no_target,trajectory_output_branch,smooth,dynamic_weighted,0.0
9,phase8_train_0001,no_target,trajectory_output_branch,smooth,score,0.0
9,phase8_train_0001,no_target,trajectory_output_branch,smooth,total,0.7907224297523499
9,phase8_train_0001,no_target,trajectory_output_branch,static,guidance,-0.03852960467338562
9,phase8_train_0001,no_target,trajectory_output_branch,static,dynamic_raw,0.0
9,phase8_train_0001,no_target,trajectory_output_branch,static,dynamic_weighted,0.0
9,phase8_train_0001,no_target,trajectory_output_branch,static,score,0.0
9,phase8_train_0001,no_target,trajectory_output_branch,static,total,0.9718114733695984
9,phase8_train_0001,no_target,trajectory_output_branch,guidance,dynamic_raw,0.0
9,phase8_train_0001,no_target,trajectory_output_branch,guidance,dynamic_weighted,0.0
9,phase8_train_0001,no_target,trajectory_output_branch,guidance,score,0.0
9,phase8_train_0001,no_target,trajectory_output_branch,guidance,total,0.18060363829135895
9,phase8_train_0001,no_target,trajectory_output_branch,dynamic_raw,dynamic_weighted,0.0
9,phase8_train_0001,no_target,trajectory_output_branch,dynamic_raw,score,0.0
9,phase8_train_0001,no_target,trajectory_output_branch,dynamic_raw,total,0.0
9,phase8_train_0001,no_target,trajectory_output_branch,dynamic_weighted,score,0.0
9,phase8_train_0001,no_target,trajectory_output_branch,dynamic_weighted,total,0.0
9,phase8_train_0001,no_target,trajectory_output_branch,score,total,0.0
9,phase8_train_0001,no_target,score_output_branch,smooth,static,0.0
9,phase8_train_0001,no_target,score_output_branch,smooth,guidance,0.0
9,phase8_train_0001,no_target,score_output_branch,smooth,dynamic_raw,0.0
9,phase8_train_0001,no_target,score_output_branch,smooth,dynamic_weighted,0.0
9,phase8_train_0001,no_target,score_output_branch,smooth,score,0.0
9,phase8_train_0001,no_target,score_output_branch,smooth,total,0.0
9,phase8_train_0001,no_target,score_output_branch,static,guidance,0.0
9,phase8_train_0001,no_target,score_output_branch,static,dynamic_raw,0.0
9,phase8_train_0001,no_target,score_output_branch,static,dynamic_weighted,0.0
9,phase8_train_0001,no_target,score_output_branch,static,score,0.0
9,phase8_train_0001,no_target,score_output_branch,static,total,0.0
9,phase8_train_0001,no_target,score_output_branch,guidance,dynamic_raw,0.0
9,phase8_train_0001,no_target,score_output_branch,guidance,dynamic_weighted,0.0
9,phase8_train_0001,no_target,score_output_branch,guidance,score,0.0
9,phase8_train_0001,no_target,score_output_branch,guidance,total,0.0
9,phase8_train_0001,no_target,score_output_branch,dynamic_raw,dynamic_weighted,0.0
9,phase8_train_0001,no_target,score_output_branch,dynamic_raw,score,0.0
9,phase8_train_0001,no_target,score_output_branch,dynamic_raw,total,0.0
9,phase8_train_0001,no_target,score_output_branch,dynamic_weighted,score,0.0
9,phase8_train_0001,no_target,score_output_branch,dynamic_weighted,total,0.0
9,phase8_train_0001,no_target,score_output_branch,score,total,1.0000001192092896
9,phase8_train_0001,no_target,shared_head_trunk,smooth,static,0.6985977292060852
9,phase8_train_0001,no_target,shared_head_trunk,smooth,guidance,0.6745131611824036
9,phase8_train_0001,no_target,shared_head_trunk,smooth,dynamic_raw,0.0
9,phase8_train_0001,no_target,shared_head_trunk,smooth,dynamic_weighted,0.0
9,phase8_train_0001,no_target,shared_head_trunk,smooth,score,0.12269369512796402
9,phase8_train_0001,no_target,shared_head_trunk,smooth,total,0.7765542268753052
9,phase8_train_0001,no_target,shared_head_trunk,static,guidance,0.5323930978775024
9,phase8_train_0001,no_target,shared_head_trunk,static,dynamic_raw,0.0
9,phase8_train_0001,no_target,shared_head_trunk,static,dynamic_weighted,0.0
9,phase8_train_0001,no_target,shared_head_trunk,static,score,0.07585272938013077
9,phase8_train_0001,no_target,shared_head_trunk,static,total,0.8051881194114685
9,phase8_train_0001,no_target,shared_head_trunk,guidance,dynamic_raw,0.0
9,phase8_train_0001,no_target,shared_head_trunk,guidance,dynamic_weighted,0.0
9,phase8_train_0001,no_target,shared_head_trunk,guidance,score,-0.0016270751366391778
9,phase8_train_0001,no_target,shared_head_trunk,guidance,total,0.7647121548652649
9,phase8_train_0001,no_target,shared_head_trunk,dynamic_raw,dynamic_weighted,0.0
9,phase8_train_0001,no_target,shared_head_trunk,dynamic_raw,score,0.0
9,phase8_train_0001,no_target,shared_head_trunk,dynamic_raw,total,0.0
9,phase8_train_0001,no_target,shared_head_trunk,dynamic_weighted,score,0.0
9,phase8_train_0001,no_target,shared_head_trunk,dynamic_weighted,total,0.0
9,phase8_train_0001,no_target,shared_head_trunk,score,total,0.47667428851127625
9,phase8_train_0001,no_target,all,smooth,static,0.653412938117981
9,phase8_train_0001,no_target,all,smooth,guidance,0.37865975499153137
9,phase8_train_0001,no_target,all,smooth,dynamic_raw,0.0
9,phase8_train_0001,no_target,all,smooth,dynamic_weighted,0.0
9,phase8_train_0001,no_target,all,smooth,score,0.033802010118961334
9,phase8_train_0001,no_target,all,smooth,total,0.6683099865913391
9,phase8_train_0001,no_target,all,static,guidance,0.3357352614402771
9,phase8_train_0001,no_target,all,static,dynamic_raw,0.0
9,phase8_train_0001,no_target,all,static,dynamic_weighted,0.0
9,phase8_train_0001,no_target,all,static,score,0.022560041397809982
9,phase8_train_0001,no_target,all,static,total,0.8272229433059692
9,phase8_train_0001,no_target,all,guidance,dynamic_raw,0.0
9,phase8_train_0001,no_target,all,guidance,dynamic_weighted,0.0
9,phase8_train_0001,no_target,all,guidance,score,0.03933575004339218
9,phase8_train_0001,no_target,all,guidance,total,0.6597713232040405
9,phase8_train_0001,no_target,all,dynamic_raw,dynamic_weighted,0.0
9,phase8_train_0001,no_target,all,dynamic_raw,score,0.0
9,phase8_train_0001,no_target,all,dynamic_raw,total,0.0
9,phase8_train_0001,no_target,all,dynamic_weighted,score,0.0
9,phase8_train_0001,no_target,all,dynamic_weighted,total,0.0
9,phase8_train_0001,no_target,all,score,total,0.4138944149017334
